race_id,driver_id,training_season_weight,target_normalized_position,target_official_position,target_classification_status
2023-01,albon,0.25,10,10,CLASSIFIED
2023-01,alonso,0.25,3,3,CLASSIFIED
2023-01,bottas,0.25,8,8,CLASSIFIED
2023-01,de_vries,0.25,14,14,CLASSIFIED
2023-01,gasly,0.25,9,9,CLASSIFIED
2023-01,hamilton,0.25,5,5,CLASSIFIED
2023-01,hulkenberg,0.25,15,15,CLASSIFIED
2023-01,kevin_magnussen,0.25,13,13,CLASSIFIED
2023-01,leclerc,0.25,19,19,DNF
2023-01,max_verstappen,0.25,1,1,CLASSIFIED
2023-01,norris,0.25,17,17,CLASSIFIED
2023-01,ocon,0.25,18,18,DNF
2023-01,perez,0.25,2,2,CLASSIFIED
2023-01,piastri,0.25,20,20,DNF
2023-01,russell,0.25,7,7,CLASSIFIED
2023-01,sainz,0.25,4,4,CLASSIFIED
2023-01,sargeant,0.25,12,12,CLASSIFIED
2023-01,stroll,0.25,6,6,CLASSIFIED
2023-01,tsunoda,0.25,11,11,CLASSIFIED
2023-01,zhou,0.25,16,16,CLASSIFIED
2023-02,albon,0.25,19,19,DNF
2023-02,alonso,0.25,3,3,CLASSIFIED
2023-02,bottas,0.25,18,18,CLASSIFIED
2023-02,de_vries,0.25,14,14,CLASSIFIED
2023-02,gasly,0.25,9,9,CLASSIFIED
2023-02,hamilton,0.25,5,5,CLASSIFIED
2023-02,hulkenberg,0.25,12,12,CLASSIFIED
2023-02,kevin_magnussen,0.25,10,10,CLASSIFIED
2023-02,leclerc,0.25,7,7,CLASSIFIED
2023-02,max_verstappen,0.25,2,2,CLASSIFIED
2023-02,norris,0.25,17,17,CLASSIFIED
2023-02,ocon,0.25,8,8,CLASSIFIED
2023-02,perez,0.25,1,1,CLASSIFIED
2023-02,piastri,0.25,15,15,CLASSIFIED
2023-02,russell,0.25,4,4,CLASSIFIED
2023-02,sainz,0.25,6,6,CLASSIFIED
2023-02,sargeant,0.25,16,16,CLASSIFIED
2023-02,stroll,0.25,20,20,DNF
2023-02,tsunoda,0.25,11,11,CLASSIFIED
2023-02,zhou,0.25,13,13,CLASSIFIED
2023-03,albon,0.25,19,19,DNF
2023-03,alonso,0.25,3,3,CLASSIFIED
2023-03,bottas,0.25,11,11,CLASSIFIED
2023-03,de_vries,0.25,15,15,CLASSIFIED
2023-03,gasly,0.25,13,13,CLASSIFIED
2023-03,hamilton,0.25,2,2,CLASSIFIED
2023-03,hulkenberg,0.25,7,7,CLASSIFIED
2023-03,kevin_magnussen,0.25,17,17,CLASSIFIED
2023-03,leclerc,0.25,20,20,DNF
2023-03,max_verstappen,0.25,1,1,CLASSIFIED
2023-03,norris,0.25,6,6,CLASSIFIED
2023-03,ocon,0.25,14,14,CLASSIFIED
2023-03,perez,0.25,5,5,CLASSIFIED
2023-03,piastri,0.25,8,8,CLASSIFIED
2023-03,russell,0.25,18,18,DNF
2023-03,sainz,0.25,12,12,CLASSIFIED
2023-03,sargeant,0.25,16,16,CLASSIFIED
2023-03,stroll,0.25,4,4,CLASSIFIED
2023-03,tsunoda,0.25,10,10,CLASSIFIED
2023-03,zhou,0.25,9,9,CLASSIFIED
2023-04,albon,0.25,12,12,CLASSIFIED
2023-04,alonso,0.25,4,4,CLASSIFIED
2023-04,bottas,0.25,18,18,CLASSIFIED
2023-04,de_vries,0.25,20,20,DNF
2023-04,gasly,0.25,14,14,CLASSIFIED
2023-04,hamilton,0.25,6,6,CLASSIFIED
2023-04,hulkenberg,0.25,17,17,CLASSIFIED
2023-04,kevin_magnussen,0.25,13,13,CLASSIFIED
2023-04,leclerc,0.25,3,3,CLASSIFIED
2023-04,max_verstappen,0.25,2,2,CLASSIFIED
2023-04,norris,0.25,9,9,CLASSIFIED
2023-04,ocon,0.25,15,15,CLASSIFIED
2023-04,perez,0.25,1,1,CLASSIFIED
2023-04,piastri,0.25,11,11,CLASSIFIED
2023-04,russell,0.25,8,8,CLASSIFIED
2023-04,sainz,0.25,5,5,CLASSIFIED
2023-04,sargeant,0.25,16,16,CLASSIFIED
2023-04,stroll,0.25,7,7,CLASSIFIED
2023-04,tsunoda,0.25,10,10,CLASSIFIED
2023-04,zhou,0.25,19,19,DNF
2023-05,albon,0.25,14,14,CLASSIFIED
2023-05,alonso,0.25,3,3,CLASSIFIED
2023-05,bottas,0.25,13,13,CLASSIFIED
2023-05,de_vries,0.25,18,18,CLASSIFIED
2023-05,gasly,0.25,8,8,CLASSIFIED
2023-05,hamilton,0.25,6,6,CLASSIFIED
2023-05,hulkenberg,0.25,15,15,CLASSIFIED
2023-05,kevin_magnussen,0.25,10,10,CLASSIFIED
2023-05,leclerc,0.25,7,7,CLASSIFIED
2023-05,max_verstappen,0.25,1,1,CLASSIFIED
2023-05,norris,0.25,17,17,CLASSIFIED
2023-05,ocon,0.25,9,9,CLASSIFIED
2023-05,perez,0.25,2,2,CLASSIFIED
2023-05,piastri,0.25,19,19,CLASSIFIED
2023-05,russell,0.25,4,4,CLASSIFIED
2023-05,sainz,0.25,5,5,CLASSIFIED
2023-05,sargeant,0.25,20,20,CLASSIFIED
2023-05,stroll,0.25,12,12,CLASSIFIED
2023-05,tsunoda,0.25,11,11,CLASSIFIED
2023-05,zhou,0.25,16,16,CLASSIFIED
2023-06,albon,0.25,14,14,CLASSIFIED
2023-06,alonso,0.25,2,2,CLASSIFIED
2023-06,bottas,0.25,11,11,CLASSIFIED
2023-06,de_vries,0.25,12,12,CLASSIFIED
2023-06,gasly,0.25,7,7,CLASSIFIED
2023-06,hamilton,0.25,4,4,CLASSIFIED
2023-06,hulkenberg,0.25,17,17,CLASSIFIED
2023-06,kevin_magnussen,0.25,19,19,CLASSIFIED
2023-06,leclerc,0.25,6,6,CLASSIFIED
2023-06,max_verstappen,0.25,1,1,CLASSIFIED
2023-06,norris,0.25,9,9,CLASSIFIED
2023-06,ocon,0.25,3,3,CLASSIFIED
2023-06,perez,0.25,16,16,CLASSIFIED
2023-06,piastri,0.25,10,10,CLASSIFIED
2023-06,russell,0.25,5,5,CLASSIFIED
2023-06,sainz,0.25,8,8,CLASSIFIED
2023-06,sargeant,0.25,18,18,CLASSIFIED
2023-06,stroll,0.25,20,20,DNF
2023-06,tsunoda,0.25,15,15,CLASSIFIED
2023-06,zhou,0.25,13,13,CLASSIFIED
2023-07,albon,0.25,16,16,CLASSIFIED
2023-07,alonso,0.25,7,7,CLASSIFIED
2023-07,bottas,0.25,19,19,CLASSIFIED
2023-07,de_vries,0.25,14,14,CLASSIFIED
2023-07,gasly,0.25,10,10,CLASSIFIED
2023-07,hamilton,0.25,2,2,CLASSIFIED
2023-07,hulkenberg,0.25,15,15,CLASSIFIED
2023-07,kevin_magnussen,0.25,18,18,CLASSIFIED
2023-07,leclerc,0.25,11,11,CLASSIFIED
2023-07,max_verstappen,0.25,1,1,CLASSIFIED
2023-07,norris,0.25,17,17,CLASSIFIED
2023-07,ocon,0.25,8,8,CLASSIFIED
2023-07,perez,0.25,4,4,CLASSIFIED
2023-07,piastri,0.25,13,13,CLASSIFIED
2023-07,russell,0.25,3,3,CLASSIFIED
2023-07,sainz,0.25,5,5,CLASSIFIED
2023-07,sargeant,0.25,20,20,CLASSIFIED
2023-07,stroll,0.25,6,6,CLASSIFIED
2023-07,tsunoda,0.25,12,12,CLASSIFIED
2023-07,zhou,0.25,9,9,CLASSIFIED
2023-08,albon,0.25,7,7,CLASSIFIED
2023-08,alonso,0.25,2,2,CLASSIFIED
2023-08,bottas,0.25,10,10,CLASSIFIED
2023-08,de_vries,0.25,18,18,CLASSIFIED
2023-08,gasly,0.25,12,12,CLASSIFIED
2023-08,hamilton,0.25,3,3,CLASSIFIED
2023-08,hulkenberg,0.25,15,15,CLASSIFIED
2023-08,kevin_magnussen,0.25,17,17,CLASSIFIED
2023-08,leclerc,0.25,4,4,CLASSIFIED
2023-08,max_verstappen,0.25,1,1,CLASSIFIED
2023-08,norris,0.25,13,13,CLASSIFIED
2023-08,ocon,0.25,8,8,CLASSIFIED
2023-08,perez,0.25,6,6,CLASSIFIED
2023-08,piastri,0.25,11,11,CLASSIFIED
2023-08,russell,0.25,19,19,DNF
2023-08,sainz,0.25,5,5,CLASSIFIED
2023-08,sargeant,0.25,20,20,DNF
2023-08,stroll,0.25,9,9,CLASSIFIED
2023-08,tsunoda,0.25,14,14,CLASSIFIED
2023-08,zhou,0.25,16,16,CLASSIFIED
2023-09,albon,0.25,11,11,CLASSIFIED
2023-09,alonso,0.25,5,5,CLASSIFIED
2023-09,bottas,0.25,15,15,CLASSIFIED
2023-09,de_vries,0.25,17,17,CLASSIFIED
2023-09,gasly,0.25,10,10,CLASSIFIED
2023-09,hamilton,0.25,8,8,CLASSIFIED
2023-09,hulkenberg,0.25,20,20,DNF
2023-09,kevin_magnussen,0.25,18,18,CLASSIFIED
2023-09,leclerc,0.25,2,2,CLASSIFIED
2023-09,max_verstappen,0.25,1,1,CLASSIFIED
2023-09,norris,0.25,4,4,CLASSIFIED
2023-09,ocon,0.25,14,14,CLASSIFIED
2023-09,perez,0.25,3,3,CLASSIFIED
2023-09,piastri,0.25,16,16,CLASSIFIED
2023-09,russell,0.25,7,7,CLASSIFIED
2023-09,sainz,0.25,6,6,CLASSIFIED
2023-09,sargeant,0.25,13,13,CLASSIFIED
2023-09,stroll,0.25,9,9,CLASSIFIED
2023-09,tsunoda,0.25,19,19,CLASSIFIED
2023-09,zhou,0.25,12,12,CLASSIFIED
2023-10,albon,0.25,8,8,CLASSIFIED
2023-10,alonso,0.25,7,7,CLASSIFIED
2023-10,bottas,0.25,12,12,CLASSIFIED
2023-10,de_vries,0.25,17,17,CLASSIFIED
2023-10,gasly,0.25,18,18,CLASSIFIED
2023-10,hamilton,0.25,3,3,CLASSIFIED
2023-10,hulkenberg,0.25,13,13,CLASSIFIED
2023-10,kevin_magnussen,0.25,19,19,DNF
2023-10,leclerc,0.25,9,9,CLASSIFIED
2023-10,max_verstappen,0.25,1,1,CLASSIFIED
2023-10,norris,0.25,2,2,CLASSIFIED
2023-10,ocon,0.25,20,20,DNF
2023-10,perez,0.25,6,6,CLASSIFIED
2023-10,piastri,0.25,4,4,CLASSIFIED
2023-10,russell,0.25,5,5,CLASSIFIED
2023-10,sainz,0.25,10,10,CLASSIFIED
2023-10,sargeant,0.25,11,11,CLASSIFIED
2023-10,stroll,0.25,14,14,CLASSIFIED
2023-10,tsunoda,0.25,16,16,CLASSIFIED
2023-10,zhou,0.25,15,15,CLASSIFIED
2023-11,albon,0.25,11,11,CLASSIFIED
2023-11,alonso,0.25,9,9,CLASSIFIED
2023-11,bottas,0.25,12,12,CLASSIFIED
2023-11,gasly,0.25,20,20,DNF
2023-11,hamilton,0.25,4,4,CLASSIFIED
2023-11,hulkenberg,0.25,14,14,CLASSIFIED
2023-11,kevin_magnussen,0.25,17,17,CLASSIFIED
2023-11,leclerc,0.25,7,7,CLASSIFIED
2023-11,max_verstappen,0.25,1,1,CLASSIFIED
2023-11,norris,0.25,2,2,CLASSIFIED
2023-11,ocon,0.25,19,19,DNF
2023-11,perez,0.25,3,3,CLASSIFIED
2023-11,piastri,0.25,5,5,CLASSIFIED
2023-11,ricciardo,0.25,13,13,CLASSIFIED
2023-11,russell,0.25,6,6,CLASSIFIED
2023-11,sainz,0.25,8,8,CLASSIFIED
2023-11,sargeant,0.25,18,18,CLASSIFIED
2023-11,stroll,0.25,10,10,CLASSIFIED
2023-11,tsunoda,0.25,15,15,CLASSIFIED
2023-11,zhou,0.25,16,16,CLASSIFIED
2023-12,albon,0.25,14,14,CLASSIFIED
2023-12,alonso,0.25,5,5,CLASSIFIED
2023-12,bottas,0.25,12,12,CLASSIFIED
2023-12,gasly,0.25,11,11,CLASSIFIED
2023-12,hamilton,0.25,4,4,CLASSIFIED
2023-12,hulkenberg,0.25,18,18,CLASSIFIED
2023-12,kevin_magnussen,0.25,15,15,CLASSIFIED
2023-12,leclerc,0.25,3,3,CLASSIFIED
2023-12,max_verstappen,0.25,1,1,CLASSIFIED
2023-12,norris,0.25,7,7,CLASSIFIED
2023-12,ocon,0.25,8,8,CLASSIFIED
2023-12,perez,0.25,2,2,CLASSIFIED
2023-12,piastri,0.25,20,20,DNF
2023-12,ricciardo,0.25,16,16,CLASSIFIED
2023-12,russell,0.25,6,6,CLASSIFIED
2023-12,sainz,0.25,19,19,DNF
2023-12,sargeant,0.25,17,17,CLASSIFIED
2023-12,stroll,0.25,9,9,CLASSIFIED
2023-12,tsunoda,0.25,10,10,CLASSIFIED
2023-12,zhou,0.25,13,13,CLASSIFIED
2023-13,albon,0.25,8,8,CLASSIFIED
2023-13,alonso,0.25,2,2,CLASSIFIED
2023-13,bottas,0.25,14,14,CLASSIFIED
2023-13,gasly,0.25,3,3,CLASSIFIED
2023-13,hamilton,0.25,6,6,CLASSIFIED
2023-13,hulkenberg,0.25,12,12,CLASSIFIED
2023-13,kevin_magnussen,0.25,16,16,CLASSIFIED
2023-13,lawson,0.25,13,13,CLASSIFIED
2023-13,leclerc,0.25,19,19,DNF
2023-13,max_verstappen,0.25,1,1,CLASSIFIED
2023-13,norris,0.25,7,7,CLASSIFIED
2023-13,ocon,0.25,10,10,CLASSIFIED
2023-13,perez,0.25,4,4,CLASSIFIED
2023-13,piastri,0.25,9,9,CLASSIFIED
2023-13,russell,0.25,17,17,CLASSIFIED
2023-13,sainz,0.25,5,5,CLASSIFIED
2023-13,sargeant,0.25,20,20,DNF
2023-13,stroll,0.25,11,11,CLASSIFIED
2023-13,tsunoda,0.25,15,15,CLASSIFIED
2023-13,zhou,0.25,18,18,DNF
2023-14,albon,0.25,7,7,CLASSIFIED
2023-14,alonso,0.25,9,9,CLASSIFIED
2023-14,bottas,0.25,10,10,CLASSIFIED
2023-14,gasly,0.25,15,15,CLASSIFIED
2023-14,hamilton,0.25,6,6,CLASSIFIED
2023-14,hulkenberg,0.25,17,17,CLASSIFIED
2023-14,kevin_magnussen,0.25,18,18,CLASSIFIED
2023-14,lawson,0.25,11,11,CLASSIFIED
2023-14,leclerc,0.25,4,4,CLASSIFIED
2023-14,max_verstappen,0.25,1,1,CLASSIFIED
2023-14,norris,0.25,8,8,CLASSIFIED
2023-14,ocon,0.25,19,19,DNF
2023-14,perez,0.25,2,2,CLASSIFIED
2023-14,piastri,0.25,12,12,CLASSIFIED
2023-14,russell,0.25,5,5,CLASSIFIED
2023-14,sainz,0.25,3,3,CLASSIFIED
2023-14,sargeant,0.25,13,13,CLASSIFIED
2023-14,stroll,0.25,16,16,CLASSIFIED
2023-14,tsunoda,0.25,20,20,DNS
2023-14,zhou,0.25,14,14,CLASSIFIED
2023-15,albon,0.25,11,11,CLASSIFIED
2023-15,alonso,0.25,15,15,CLASSIFIED
2023-15,bottas,0.25,17,17,DNF
2023-15,gasly,0.25,6,6,CLASSIFIED
2023-15,hamilton,0.25,3,3,CLASSIFIED
2023-15,hulkenberg,0.25,13,13,CLASSIFIED
2023-15,kevin_magnussen,0.25,10,10,CLASSIFIED
2023-15,lawson,0.25,9,9,CLASSIFIED
2023-15,leclerc,0.25,4,4,CLASSIFIED
2023-15,max_verstappen,0.25,5,5,CLASSIFIED
2023-15,norris,0.25,2,2,CLASSIFIED
2023-15,ocon,0.25,18,18,DNF
2023-15,perez,0.25,8,8,CLASSIFIED
2023-15,piastri,0.25,7,7,CLASSIFIED
2023-15,russell,0.25,16,16,CLASSIFIED
2023-15,sainz,0.25,1,1,CLASSIFIED
2023-15,sargeant,0.25,14,14,CLASSIFIED
2023-15,stroll,0.25,20,20,DNS
2023-15,tsunoda,0.25,19,19,DNF
2023-15,zhou,0.25,12,12,CLASSIFIED
2023-16,albon,0.25,16,16,DNF
2023-16,alonso,0.25,8,8,CLASSIFIED
2023-16,bottas,0.25,20,20,DNF
2023-16,gasly,0.25,10,10,CLASSIFIED
2023-16,hamilton,0.25,5,5,CLASSIFIED
2023-16,hulkenberg,0.25,14,14,CLASSIFIED
2023-16,kevin_magnussen,0.25,15,15,CLASSIFIED
2023-16,lawson,0.25,11,11,CLASSIFIED
2023-16,leclerc,0.25,4,4,CLASSIFIED
2023-16,max_verstappen,0.25,1,1,CLASSIFIED
2023-16,norris,0.25,2,2,CLASSIFIED
2023-16,ocon,0.25,9,9,CLASSIFIED
2023-16,perez,0.25,19,19,DNF
2023-16,piastri,0.25,3,3,CLASSIFIED
2023-16,russell,0.25,7,7,CLASSIFIED
2023-16,sainz,0.25,6,6,CLASSIFIED
2023-16,sargeant,0.25,17,17,DNF
2023-16,stroll,0.25,18,18,DNF
2023-16,tsunoda,0.25,12,12,CLASSIFIED
2023-16,zhou,0.25,13,13,CLASSIFIED
2023-17,albon,0.25,13,13,CLASSIFIED
2023-17,alonso,0.25,6,6,CLASSIFIED
2023-17,bottas,0.25,8,8,CLASSIFIED
2023-17,gasly,0.25,12,12,CLASSIFIED
2023-17,hamilton,0.25,19,19,DNF
2023-17,hulkenberg,0.25,16,16,CLASSIFIED
2023-17,kevin_magnussen,0.25,14,14,CLASSIFIED
2023-17,lawson,0.25,17,17,CLASSIFIED
2023-17,leclerc,0.25,5,5,CLASSIFIED
2023-17,max_verstappen,0.25,1,1,CLASSIFIED
2023-17,norris,0.25,3,3,CLASSIFIED
2023-17,ocon,0.25,7,7,CLASSIFIED
2023-17,perez,0.25,10,10,CLASSIFIED
2023-17,piastri,0.25,2,2,CLASSIFIED
2023-17,russell,0.25,4,4,CLASSIFIED
2023-17,sainz,0.25,20,20,DNS
2023-17,sargeant,0.25,18,18,DNF
2023-17,stroll,0.25,11,11,CLASSIFIED
2023-17,tsunoda,0.25,15,15,CLASSIFIED
2023-17,zhou,0.25,9,9,CLASSIFIED
2023-18,albon,0.25,9,9,CLASSIFIED
2023-18,alonso,0.25,16,16,DNF
2023-18,bottas,0.25,12,12,CLASSIFIED
2023-18,gasly,0.25,6,6,CLASSIFIED
2023-18,hamilton,0.25,19,19,DSQ
2023-18,hulkenberg,0.25,11,11,CLASSIFIED
2023-18,kevin_magnussen,0.25,14,14,CLASSIFIED
2023-18,leclerc,0.25,20,20,DSQ
2023-18,max_verstappen,0.25,1,1,CLASSIFIED
2023-18,norris,0.25,2,2,CLASSIFIED
2023-18,ocon,0.25,18,18,DNF
2023-18,perez,0.25,4,4,CLASSIFIED
2023-18,piastri,0.25,17,17,DNF
2023-18,ricciardo,0.25,15,15,CLASSIFIED
2023-18,russell,0.25,5,5,CLASSIFIED
2023-18,sainz,0.25,3,3,CLASSIFIED
2023-18,sargeant,0.25,10,10,CLASSIFIED
2023-18,stroll,0.25,7,7,CLASSIFIED
2023-18,tsunoda,0.25,8,8,CLASSIFIED
2023-18,zhou,0.25,13,13,CLASSIFIED
2023-19,albon,0.25,9,9,CLASSIFIED
2023-19,alonso,0.25,18,18,DNF
2023-19,bottas,0.25,15,15,CLASSIFIED
2023-19,gasly,0.25,11,11,CLASSIFIED
2023-19,hamilton,0.25,2,2,CLASSIFIED
2023-19,hulkenberg,0.25,13,13,CLASSIFIED
2023-19,kevin_magnussen,0.25,19,19,DNF
2023-19,leclerc,0.25,3,3,CLASSIFIED
2023-19,max_verstappen,0.25,1,1,CLASSIFIED
2023-19,norris,0.25,5,5,CLASSIFIED
2023-19,ocon,0.25,10,10,CLASSIFIED
2023-19,perez,0.25,20,20,DNF
2023-19,piastri,0.25,8,8,CLASSIFIED
2023-19,ricciardo,0.25,7,7,CLASSIFIED
2023-19,russell,0.25,6,6,CLASSIFIED
2023-19,sainz,0.25,4,4,CLASSIFIED
2023-19,sargeant,0.25,16,16,CLASSIFIED
2023-19,stroll,0.25,17,17,CLASSIFIED
2023-19,tsunoda,0.25,12,12,CLASSIFIED
2023-19,zhou,0.25,14,14,CLASSIFIED
2023-20,albon,0.25,19,19,DNF
2023-20,alonso,0.25,3,3,CLASSIFIED
2023-20,bottas,0.25,16,16,DNF
2023-20,gasly,0.25,7,7,CLASSIFIED
2023-20,hamilton,0.25,8,8,CLASSIFIED
2023-20,hulkenberg,0.25,12,12,CLASSIFIED
2023-20,kevin_magnussen,0.25,18,18,DNF
2023-20,leclerc,0.25,20,20,DNS
2023-20,max_verstappen,0.25,1,1,CLASSIFIED
2023-20,norris,0.25,2,2,CLASSIFIED
2023-20,ocon,0.25,10,10,CLASSIFIED
2023-20,perez,0.25,4,4,CLASSIFIED
2023-20,piastri,0.25,14,14,CLASSIFIED
2023-20,ricciardo,0.25,13,13,CLASSIFIED
2023-20,russell,0.25,15,15,DNF
2023-20,sainz,0.25,6,6,CLASSIFIED
2023-20,sargeant,0.25,11,11,CLASSIFIED
2023-20,stroll,0.25,5,5,CLASSIFIED
2023-20,tsunoda,0.25,9,9,CLASSIFIED
2023-20,zhou,0.25,17,17,DNF
2023-21,albon,0.25,12,12,CLASSIFIED
2023-21,alonso,0.25,9,9,CLASSIFIED
2023-21,bottas,0.25,17,17,CLASSIFIED
2023-21,gasly,0.25,11,11,CLASSIFIED
2023-21,hamilton,0.25,7,7,CLASSIFIED
2023-21,hulkenberg,0.25,19,19,CLASSIFIED
2023-21,kevin_magnussen,0.25,13,13,CLASSIFIED
2023-21,leclerc,0.25,2,2,CLASSIFIED
2023-21,max_verstappen,0.25,1,1,CLASSIFIED
2023-21,norris,0.25,20,20,DNF
2023-21,ocon,0.25,4,4,CLASSIFIED
2023-21,perez,0.25,3,3,CLASSIFIED
2023-21,piastri,0.25,10,10,CLASSIFIED
2023-21,ricciardo,0.25,14,14,CLASSIFIED
2023-21,russell,0.25,8,8,CLASSIFIED
2023-21,sainz,0.25,6,6,CLASSIFIED
2023-21,sargeant,0.25,16,16,CLASSIFIED
2023-21,stroll,0.25,5,5,CLASSIFIED
2023-21,tsunoda,0.25,18,18,CLASSIFIED
2023-21,zhou,0.25,15,15,CLASSIFIED
2023-22,albon,0.25,14,14,CLASSIFIED
2023-22,alonso,0.25,7,7,CLASSIFIED
2023-22,bottas,0.25,19,19,CLASSIFIED
2023-22,gasly,0.25,13,13,CLASSIFIED
2023-22,hamilton,0.25,9,9,CLASSIFIED
2023-22,hulkenberg,0.25,15,15,CLASSIFIED
2023-22,kevin_magnussen,0.25,20,20,CLASSIFIED
2023-22,leclerc,0.25,2,2,CLASSIFIED
2023-22,max_verstappen,0.25,1,1,CLASSIFIED
2023-22,norris,0.25,5,5,CLASSIFIED
2023-22,ocon,0.25,12,12,CLASSIFIED
2023-22,perez,0.25,4,4,CLASSIFIED
2023-22,piastri,0.25,6,6,CLASSIFIED
2023-22,ricciardo,0.25,11,11,CLASSIFIED
2023-22,russell,0.25,3,3,CLASSIFIED
2023-22,sainz,0.25,18,18,CLASSIFIED
2023-22,sargeant,0.25,16,16,CLASSIFIED
2023-22,stroll,0.25,10,10,CLASSIFIED
2023-22,tsunoda,0.25,8,8,CLASSIFIED
2023-22,zhou,0.25,17,17,CLASSIFIED
2024-01,albon,0.5,15,15,CLASSIFIED
2024-01,alonso,0.5,9,9,CLASSIFIED
2024-01,bottas,0.5,19,19,CLASSIFIED
2024-01,gasly,0.5,18,18,CLASSIFIED
2024-01,hamilton,0.5,7,7,CLASSIFIED
2024-01,hulkenberg,0.5,16,16,CLASSIFIED
2024-01,kevin_magnussen,0.5,12,12,CLASSIFIED
2024-01,leclerc,0.5,4,4,CLASSIFIED
2024-01,max_verstappen,0.5,1,1,CLASSIFIED
2024-01,norris,0.5,6,6,CLASSIFIED
2024-01,ocon,0.5,17,17,CLASSIFIED
2024-01,perez,0.5,2,2,CLASSIFIED
2024-01,piastri,0.5,8,8,CLASSIFIED
2024-01,ricciardo,0.5,13,13,CLASSIFIED
2024-01,russell,0.5,5,5,CLASSIFIED
2024-01,sainz,0.5,3,3,CLASSIFIED
2024-01,sargeant,0.5,20,20,CLASSIFIED
2024-01,stroll,0.5,10,10,CLASSIFIED
2024-01,tsunoda,0.5,14,14,CLASSIFIED
2024-01,zhou,0.5,11,11,CLASSIFIED
2024-02,albon,0.5,11,11,CLASSIFIED
2024-02,alonso,0.5,5,5,CLASSIFIED
2024-02,bearman,0.5,7,7,CLASSIFIED
2024-02,bottas,0.5,17,17,CLASSIFIED
2024-02,gasly,0.5,20,20,DNF
2024-02,hamilton,0.5,9,9,CLASSIFIED
2024-02,hulkenberg,0.5,10,10,CLASSIFIED
2024-02,kevin_magnussen,0.5,12,12,CLASSIFIED
2024-02,leclerc,0.5,3,3,CLASSIFIED
2024-02,max_verstappen,0.5,1,1,CLASSIFIED
2024-02,norris,0.5,8,8,CLASSIFIED
2024-02,ocon,0.5,13,13,CLASSIFIED
2024-02,perez,0.5,2,2,CLASSIFIED
2024-02,piastri,0.5,4,4,CLASSIFIED
2024-02,ricciardo,0.5,16,16,CLASSIFIED
2024-02,russell,0.5,6,6,CLASSIFIED
2024-02,sargeant,0.5,14,14,CLASSIFIED
2024-02,stroll,0.5,19,19,DNF
2024-02,tsunoda,0.5,15,15,CLASSIFIED
2024-02,zhou,0.5,18,18,CLASSIFIED
2024-03,albon,0.5,11,11,CLASSIFIED
2024-03,alonso,0.5,8,8,CLASSIFIED
2024-03,bottas,0.5,14,14,CLASSIFIED
2024-03,gasly,0.5,13,13,CLASSIFIED
2024-03,hamilton,0.5,18,18,DNF
2024-03,hulkenberg,0.5,9,9,CLASSIFIED
2024-03,kevin_magnussen,0.5,10,10,CLASSIFIED
2024-03,leclerc,0.5,2,2,CLASSIFIED
2024-03,max_verstappen,0.5,19,19,DNF
2024-03,norris,0.5,3,3,CLASSIFIED
2024-03,ocon,0.5,16,16,CLASSIFIED
2024-03,perez,0.5,5,5,CLASSIFIED
2024-03,piastri,0.5,4,4,CLASSIFIED
2024-03,ricciardo,0.5,12,12,CLASSIFIED
2024-03,russell,0.5,17,17,CLASSIFIED
2024-03,sainz,0.5,1,1,CLASSIFIED
2024-03,stroll,0.5,6,6,CLASSIFIED
2024-03,tsunoda,0.5,7,7,CLASSIFIED
2024-03,zhou,0.5,15,15,CLASSIFIED
2024-04,albon,0.5,20,20,DNF
2024-04,alonso,0.5,6,6,CLASSIFIED
2024-04,bottas,0.5,14,14,CLASSIFIED
2024-04,gasly,0.5,16,16,CLASSIFIED
2024-04,hamilton,0.5,9,9,CLASSIFIED
2024-04,hulkenberg,0.5,11,11,CLASSIFIED
2024-04,kevin_magnussen,0.5,13,13,CLASSIFIED
2024-04,leclerc,0.5,4,4,CLASSIFIED
2024-04,max_verstappen,0.5,1,1,CLASSIFIED
2024-04,norris,0.5,5,5,CLASSIFIED
2024-04,ocon,0.5,15,15,CLASSIFIED
2024-04,perez,0.5,2,2,CLASSIFIED
2024-04,piastri,0.5,8,8,CLASSIFIED
2024-04,ricciardo,0.5,19,19,DNF
2024-04,russell,0.5,7,7,CLASSIFIED
2024-04,sainz,0.5,3,3,CLASSIFIED
2024-04,sargeant,0.5,17,17,CLASSIFIED
2024-04,stroll,0.5,12,12,CLASSIFIED
2024-04,tsunoda,0.5,10,10,CLASSIFIED
2024-04,zhou,0.5,18,18,DNF
2024-05,albon,0.5,12,12,CLASSIFIED
2024-05,alonso,0.5,7,7,CLASSIFIED
2024-05,bottas,0.5,20,20,DNF
2024-05,gasly,0.5,13,13,CLASSIFIED
2024-05,hamilton,0.5,9,9,CLASSIFIED
2024-05,hulkenberg,0.5,10,10,CLASSIFIED
2024-05,kevin_magnussen,0.5,16,16,CLASSIFIED
2024-05,leclerc,0.5,4,4,CLASSIFIED
2024-05,max_verstappen,0.5,1,1,CLASSIFIED
2024-05,norris,0.5,2,2,CLASSIFIED
2024-05,ocon,0.5,11,11,CLASSIFIED
2024-05,perez,0.5,3,3,CLASSIFIED
2024-05,piastri,0.5,8,8,CLASSIFIED
2024-05,ricciardo,0.5,18,18,DNF
2024-05,russell,0.5,6,6,CLASSIFIED
2024-05,sainz,0.5,5,5,CLASSIFIED
2024-05,sargeant,0.5,17,17,CLASSIFIED
2024-05,stroll,0.5,15,15,CLASSIFIED
2024-05,tsunoda,0.5,19,19,DNF
2024-05,zhou,0.5,14,14,CLASSIFIED
2024-06,albon,0.5,18,18,CLASSIFIED
2024-06,alonso,0.5,9,9,CLASSIFIED
2024-06,bottas,0.5,16,16,CLASSIFIED
2024-06,gasly,0.5,12,12,CLASSIFIED
2024-06,hamilton,0.5,6,6,CLASSIFIED
2024-06,hulkenberg,0.5,11,11,CLASSIFIED
2024-06,kevin_magnussen,0.5,19,19,CLASSIFIED
2024-06,leclerc,0.5,3,3,CLASSIFIED
2024-06,max_verstappen,0.5,2,2,CLASSIFIED
2024-06,norris,0.5,1,1,CLASSIFIED
2024-06,ocon,0.5,10,10,CLASSIFIED
2024-06,perez,0.5,4,4,CLASSIFIED
2024-06,piastri,0.5,13,13,CLASSIFIED
2024-06,ricciardo,0.5,15,15,CLASSIFIED
2024-06,russell,0.5,8,8,CLASSIFIED
2024-06,sainz,0.5,5,5,CLASSIFIED
2024-06,sargeant,0.5,20,20,DNF
2024-06,stroll,0.5,17,17,CLASSIFIED
2024-06,tsunoda,0.5,7,7,CLASSIFIED
2024-06,zhou,0.5,14,14,CLASSIFIED
2024-07,albon,0.5,20,20,DNF
2024-07,alonso,0.5,19,19,CLASSIFIED
2024-07,bottas,0.5,18,18,CLASSIFIED
2024-07,gasly,0.5,16,16,CLASSIFIED
2024-07,hamilton,0.5,6,6,CLASSIFIED
2024-07,hulkenberg,0.5,11,11,CLASSIFIED
2024-07,kevin_magnussen,0.5,12,12,CLASSIFIED
2024-07,leclerc,0.5,3,3,CLASSIFIED
2024-07,max_verstappen,0.5,1,1,CLASSIFIED
2024-07,norris,0.5,2,2,CLASSIFIED
2024-07,ocon,0.5,14,14,CLASSIFIED
2024-07,perez,0.5,8,8,CLASSIFIED
2024-07,piastri,0.5,4,4,CLASSIFIED
2024-07,ricciardo,0.5,13,13,CLASSIFIED
2024-07,russell,0.5,7,7,CLASSIFIED
2024-07,sainz,0.5,5,5,CLASSIFIED
2024-07,sargeant,0.5,17,17,CLASSIFIED
2024-07,stroll,0.5,9,9,CLASSIFIED
2024-07,tsunoda,0.5,10,10,CLASSIFIED
2024-07,zhou,0.5,15,15,CLASSIFIED
2024-08,albon,0.5,9,9,CLASSIFIED
2024-08,alonso,0.5,11,11,CLASSIFIED
2024-08,bottas,0.5,13,13,CLASSIFIED
2024-08,gasly,0.5,10,10,CLASSIFIED
2024-08,hamilton,0.5,7,7,CLASSIFIED
2024-08,hulkenberg,0.5,19,19,DNF
2024-08,kevin_magnussen,0.5,20,20,DNF
2024-08,leclerc,0.5,1,1,CLASSIFIED
2024-08,max_verstappen,0.5,6,6,CLASSIFIED
2024-08,norris,0.5,4,4,CLASSIFIED
2024-08,ocon,0.5,17,17,DNF
2024-08,perez,0.5,18,18,DNF
2024-08,piastri,0.5,2,2,CLASSIFIED
2024-08,ricciardo,0.5,12,12,CLASSIFIED
2024-08,russell,0.5,5,5,CLASSIFIED
2024-08,sainz,0.5,3,3,CLASSIFIED
2024-08,sargeant,0.5,15,15,CLASSIFIED
2024-08,stroll,0.5,14,14,CLASSIFIED
2024-08,tsunoda,0.5,8,8,CLASSIFIED
2024-08,zhou,0.5,16,16,CLASSIFIED
2024-09,albon,0.5,17,17,DNF
2024-09,alonso,0.5,6,6,CLASSIFIED
2024-09,bottas,0.5,13,13,CLASSIFIED
2024-09,gasly,0.5,9,9,CLASSIFIED
2024-09,hamilton,0.5,4,4,CLASSIFIED
2024-09,hulkenberg,0.5,11,11,CLASSIFIED
2024-09,kevin_magnussen,0.5,12,12,CLASSIFIED
2024-09,leclerc,0.5,19,19,DNF
2024-09,max_verstappen,0.5,1,1,CLASSIFIED
2024-09,norris,0.5,2,2,CLASSIFIED
2024-09,ocon,0.5,10,10,CLASSIFIED
2024-09,perez,0.5,18,18,DNF
2024-09,piastri,0.5,5,5,CLASSIFIED
2024-09,ricciardo,0.5,8,8,CLASSIFIED
2024-09,russell,0.5,3,3,CLASSIFIED
2024-09,sainz,0.5,16,16,DNF
2024-09,sargeant,0.5,20,20,DNF
2024-09,stroll,0.5,7,7,CLASSIFIED
2024-09,tsunoda,0.5,14,14,CLASSIFIED
2024-09,zhou,0.5,15,15,CLASSIFIED
2024-10,albon,0.5,18,18,CLASSIFIED
2024-10,alonso,0.5,12,12,CLASSIFIED
2024-10,bottas,0.5,16,16,CLASSIFIED
2024-10,gasly,0.5,9,9,CLASSIFIED
2024-10,hamilton,0.5,3,3,CLASSIFIED
2024-10,hulkenberg,0.5,11,11,CLASSIFIED
2024-10,kevin_magnussen,0.5,17,17,CLASSIFIED
2024-10,leclerc,0.5,5,5,CLASSIFIED
2024-10,max_verstappen,0.5,1,1,CLASSIFIED
2024-10,norris,0.5,2,2,CLASSIFIED
2024-10,ocon,0.5,10,10,CLASSIFIED
2024-10,perez,0.5,8,8,CLASSIFIED
2024-10,piastri,0.5,7,7,CLASSIFIED
2024-10,ricciardo,0.5,15,15,CLASSIFIED
2024-10,russell,0.5,4,4,CLASSIFIED
2024-10,sainz,0.5,6,6,CLASSIFIED
2024-10,sargeant,0.5,20,20,CLASSIFIED
2024-10,stroll,0.5,14,14,CLASSIFIED
2024-10,tsunoda,0.5,19,19,CLASSIFIED
2024-10,zhou,0.5,13,13,CLASSIFIED
2024-11,albon,0.5,15,15,CLASSIFIED
2024-11,alonso,0.5,18,18,CLASSIFIED
2024-11,bottas,0.5,16,16,CLASSIFIED
2024-11,gasly,0.5,10,10,CLASSIFIED
2024-11,hamilton,0.5,4,4,CLASSIFIED
2024-11,hulkenberg,0.5,6,6,CLASSIFIED
2024-11,kevin_magnussen,0.5,8,8,CLASSIFIED
2024-11,leclerc,0.5,11,11,CLASSIFIED
2024-11,max_verstappen,0.5,5,5,CLASSIFIED
2024-11,norris,0.5,20,20,CLASSIFIED
2024-11,ocon,0.5,12,12,CLASSIFIED
2024-11,perez,0.5,7,7,CLASSIFIED
2024-11,piastri,0.5,2,2,CLASSIFIED
2024-11,ricciardo,0.5,9,9,CLASSIFIED
2024-11,russell,0.5,1,1,CLASSIFIED
2024-11,sainz,0.5,3,3,CLASSIFIED
2024-11,sargeant,0.5,19,19,CLASSIFIED
2024-11,stroll,0.5,13,13,CLASSIFIED
2024-11,tsunoda,0.5,14,14,CLASSIFIED
2024-11,zhou,0.5,17,17,CLASSIFIED
2024-12,albon,0.5,9,9,CLASSIFIED
2024-12,alonso,0.5,8,8,CLASSIFIED
2024-12,bottas,0.5,15,15,CLASSIFIED
2024-12,gasly,0.5,20,20,DNS
2024-12,hamilton,0.5,1,1,CLASSIFIED
2024-12,hulkenberg,0.5,6,6,CLASSIFIED
2024-12,kevin_magnussen,0.5,12,12,CLASSIFIED
2024-12,leclerc,0.5,14,14,CLASSIFIED
2024-12,max_verstappen,0.5,2,2,CLASSIFIED
2024-12,norris,0.5,3,3,CLASSIFIED
2024-12,ocon,0.5,16,16,CLASSIFIED
2024-12,perez,0.5,17,17,CLASSIFIED
2024-12,piastri,0.5,4,4,CLASSIFIED
2024-12,ricciardo,0.5,13,13,CLASSIFIED
2024-12,russell,0.5,19,19,DNF
2024-12,sainz,0.5,5,5,CLASSIFIED
2024-12,sargeant,0.5,11,11,CLASSIFIED
2024-12,stroll,0.5,7,7,CLASSIFIED
2024-12,tsunoda,0.5,10,10,CLASSIFIED
2024-12,zhou,0.5,18,18,CLASSIFIED
2024-13,albon,0.5,14,14,CLASSIFIED
2024-13,alonso,0.5,11,11,CLASSIFIED
2024-13,bottas,0.5,16,16,CLASSIFIED
2024-13,gasly,0.5,20,20,DNF
2024-13,hamilton,0.5,3,3,CLASSIFIED
2024-13,hulkenberg,0.5,13,13,CLASSIFIED
2024-13,kevin_magnussen,0.5,15,15,CLASSIFIED
2024-13,leclerc,0.5,4,4,CLASSIFIED
2024-13,max_verstappen,0.5,5,5,CLASSIFIED
2024-13,norris,0.5,2,2,CLASSIFIED
2024-13,ocon,0.5,18,18,CLASSIFIED
2024-13,perez,0.5,7,7,CLASSIFIED
2024-13,piastri,0.5,1,1,CLASSIFIED
2024-13,ricciardo,0.5,12,12,CLASSIFIED
2024-13,russell,0.5,8,8,CLASSIFIED
2024-13,sainz,0.5,6,6,CLASSIFIED
2024-13,sargeant,0.5,17,17,CLASSIFIED
2024-13,stroll,0.5,10,10,CLASSIFIED
2024-13,tsunoda,0.5,9,9,CLASSIFIED
2024-13,zhou,0.5,19,19,CLASSIFIED
2024-14,albon,0.5,12,12,CLASSIFIED
2024-14,alonso,0.5,8,8,CLASSIFIED
2024-14,bottas,0.5,15,15,CLASSIFIED
2024-14,gasly,0.5,13,13,CLASSIFIED
2024-14,hamilton,0.5,1,1,CLASSIFIED
2024-14,hulkenberg,0.5,18,18,CLASSIFIED
2024-14,kevin_magnussen,0.5,14,14,CLASSIFIED
2024-14,leclerc,0.5,3,3,CLASSIFIED
2024-14,max_verstappen,0.5,4,4,CLASSIFIED
2024-14,norris,0.5,5,5,CLASSIFIED
2024-14,ocon,0.5,9,9,CLASSIFIED
2024-14,perez,0.5,7,7,CLASSIFIED
2024-14,piastri,0.5,2,2,CLASSIFIED
2024-14,ricciardo,0.5,10,10,CLASSIFIED
2024-14,russell,0.5,20,20,DSQ
2024-14,sainz,0.5,6,6,CLASSIFIED
2024-14,sargeant,0.5,17,17,CLASSIFIED
2024-14,stroll,0.5,11,11,CLASSIFIED
2024-14,tsunoda,0.5,16,16,CLASSIFIED
2024-14,zhou,0.5,19,19,DNF
2024-15,albon,0.5,14,14,CLASSIFIED
2024-15,alonso,0.5,10,10,CLASSIFIED
2024-15,bottas,0.5,19,19,CLASSIFIED
2024-15,gasly,0.5,9,9,CLASSIFIED
2024-15,hamilton,0.5,8,8,CLASSIFIED
2024-15,hulkenberg,0.5,11,11,CLASSIFIED
2024-15,kevin_magnussen,0.5,18,18,CLASSIFIED
2024-15,leclerc,0.5,3,3,CLASSIFIED
2024-15,max_verstappen,0.5,2,2,CLASSIFIED
2024-15,norris,0.5,1,1,CLASSIFIED
2024-15,ocon,0.5,15,15,CLASSIFIED
2024-15,perez,0.5,6,6,CLASSIFIED
2024-15,piastri,0.5,4,4,CLASSIFIED
2024-15,ricciardo,0.5,12,12,CLASSIFIED
2024-15,russell,0.5,7,7,CLASSIFIED
2024-15,sainz,0.5,5,5,CLASSIFIED
2024-15,sargeant,0.5,16,16,CLASSIFIED
2024-15,stroll,0.5,13,13,CLASSIFIED
2024-15,tsunoda,0.5,17,17,CLASSIFIED
2024-15,zhou,0.5,20,20,CLASSIFIED
2024-16,albon,0.5,9,9,CLASSIFIED
2024-16,alonso,0.5,11,11,CLASSIFIED
2024-16,bottas,0.5,16,16,CLASSIFIED
2024-16,colapinto,0.5,12,12,CLASSIFIED
2024-16,gasly,0.5,15,15,CLASSIFIED
2024-16,hamilton,0.5,5,5,CLASSIFIED
2024-16,hulkenberg,0.5,17,17,CLASSIFIED
2024-16,kevin_magnussen,0.5,10,10,CLASSIFIED
2024-16,leclerc,0.5,1,1,CLASSIFIED
2024-16,max_verstappen,0.5,6,6,CLASSIFIED
2024-16,norris,0.5,3,3,CLASSIFIED
2024-16,ocon,0.5,14,14,CLASSIFIED
2024-16,perez,0.5,8,8,CLASSIFIED
2024-16,piastri,0.5,2,2,CLASSIFIED
2024-16,ricciardo,0.5,13,13,CLASSIFIED
2024-16,russell,0.5,7,7,CLASSIFIED
2024-16,sainz,0.5,4,4,CLASSIFIED
2024-16,stroll,0.5,19,19,CLASSIFIED
2024-16,tsunoda,0.5,20,20,DNF
2024-16,zhou,0.5,18,18,CLASSIFIED
2024-17,albon,0.5,7,7,CLASSIFIED
2024-17,alonso,0.5,6,6,CLASSIFIED
2024-17,bearman,0.5,10,10,CLASSIFIED
2024-17,bottas,0.5,16,16,CLASSIFIED
2024-17,colapinto,0.5,8,8,CLASSIFIED
2024-17,gasly,0.5,12,12,CLASSIFIED
2024-17,hamilton,0.5,9,9,CLASSIFIED
2024-17,hulkenberg,0.5,11,11,CLASSIFIED
2024-17,leclerc,0.5,2,2,CLASSIFIED
2024-17,max_verstappen,0.5,5,5,CLASSIFIED
2024-17,norris,0.5,4,4,CLASSIFIED
2024-17,ocon,0.5,15,15,CLASSIFIED
2024-17,perez,0.5,17,17,CLASSIFIED
2024-17,piastri,0.5,1,1,CLASSIFIED
2024-17,ricciardo,0.5,13,13,CLASSIFIED
2024-17,russell,0.5,3,3,CLASSIFIED
2024-17,sainz,0.5,18,18,CLASSIFIED
2024-17,stroll,0.5,19,19,CLASSIFIED
2024-17,tsunoda,0.5,20,20,DNF
2024-17,zhou,0.5,14,14,CLASSIFIED
2024-18,albon,0.5,20,20,DNF
2024-18,alonso,0.5,8,8,CLASSIFIED
2024-18,bottas,0.5,16,16,CLASSIFIED
2024-18,colapinto,0.5,11,11,CLASSIFIED
2024-18,gasly,0.5,17,17,CLASSIFIED
2024-18,hamilton,0.5,6,6,CLASSIFIED
2024-18,hulkenberg,0.5,9,9,CLASSIFIED
2024-18,kevin_magnussen,0.5,19,19,CLASSIFIED
2024-18,leclerc,0.5,5,5,CLASSIFIED
2024-18,max_verstappen,0.5,2,2,CLASSIFIED
2024-18,norris,0.5,1,1,CLASSIFIED
2024-18,ocon,0.5,13,13,CLASSIFIED
2024-18,perez,0.5,10,10,CLASSIFIED
2024-18,piastri,0.5,3,3,CLASSIFIED
2024-18,ricciardo,0.5,18,18,CLASSIFIED
2024-18,russell,0.5,4,4,CLASSIFIED
2024-18,sainz,0.5,7,7,CLASSIFIED
2024-18,stroll,0.5,14,14,CLASSIFIED
2024-18,tsunoda,0.5,12,12,CLASSIFIED
2024-18,zhou,0.5,15,15,CLASSIFIED
2024-19,albon,0.5,16,16,CLASSIFIED
2024-19,alonso,0.5,13,13,CLASSIFIED
2024-19,bottas,0.5,17,17,CLASSIFIED
2024-19,colapinto,0.5,10,10,CLASSIFIED
2024-19,gasly,0.5,12,12,CLASSIFIED
2024-19,hamilton,0.5,20,20,DNF
2024-19,hulkenberg,0.5,8,8,CLASSIFIED
2024-19,kevin_magnussen,0.5,11,11,CLASSIFIED
2024-19,lawson,0.5,9,9,CLASSIFIED
2024-19,leclerc,0.5,1,1,CLASSIFIED
2024-19,max_verstappen,0.5,3,3,CLASSIFIED
2024-19,norris,0.5,4,4,CLASSIFIED
2024-19,ocon,0.5,18,18,CLASSIFIED
2024-19,perez,0.5,7,7,CLASSIFIED
2024-19,piastri,0.5,5,5,CLASSIFIED
2024-19,russell,0.5,6,6,CLASSIFIED
2024-19,sainz,0.5,2,2,CLASSIFIED
2024-19,stroll,0.5,15,15,CLASSIFIED
2024-19,tsunoda,0.5,14,14,CLASSIFIED
2024-19,zhou,0.5,19,19,CLASSIFIED
2024-20,albon,0.5,19,19,DNF
2024-20,alonso,0.5,18,18,DNF
2024-20,bottas,0.5,14,14,CLASSIFIED
2024-20,colapinto,0.5,12,12,CLASSIFIED
2024-20,gasly,0.5,10,10,CLASSIFIED
2024-20,hamilton,0.5,4,4,CLASSIFIED
2024-20,hulkenberg,0.5,9,9,CLASSIFIED
2024-20,kevin_magnussen,0.5,7,7,CLASSIFIED
2024-20,lawson,0.5,16,16,CLASSIFIED
2024-20,leclerc,0.5,3,3,CLASSIFIED
2024-20,max_verstappen,0.5,6,6,CLASSIFIED
2024-20,norris,0.5,2,2,CLASSIFIED
2024-20,ocon,0.5,13,13,CLASSIFIED
2024-20,perez,0.5,17,17,CLASSIFIED
2024-20,piastri,0.5,8,8,CLASSIFIED
2024-20,russell,0.5,5,5,CLASSIFIED
2024-20,sainz,0.5,1,1,CLASSIFIED
2024-20,stroll,0.5,11,11,CLASSIFIED
2024-20,tsunoda,0.5,20,20,DNF
2024-20,zhou,0.5,15,15,CLASSIFIED
2024-21,albon,0.5,18,18,DNS
2024-21,alonso,0.5,14,14,CLASSIFIED
2024-21,bearman,0.5,12,12,CLASSIFIED
2024-21,bottas,0.5,13,13,CLASSIFIED
2024-21,colapinto,0.5,17,17,DNF
2024-21,gasly,0.5,3,3,CLASSIFIED
2024-21,hamilton,0.5,10,10,CLASSIFIED
2024-21,hulkenberg,0.5,20,20,DSQ
2024-21,lawson,0.5,9,9,CLASSIFIED
2024-21,leclerc,0.5,5,5,CLASSIFIED
2024-21,max_verstappen,0.5,1,1,CLASSIFIED
2024-21,norris,0.5,6,6,CLASSIFIED
2024-21,ocon,0.5,2,2,CLASSIFIED
2024-21,perez,0.5,11,11,CLASSIFIED
2024-21,piastri,0.5,8,8,CLASSIFIED
2024-21,russell,0.5,4,4,CLASSIFIED
2024-21,sainz,0.5,16,16,DNF
2024-21,stroll,0.5,19,19,DNS
2024-21,tsunoda,0.5,7,7,CLASSIFIED
2024-21,zhou,0.5,15,15,CLASSIFIED
2024-22,albon,0.5,19,19,DNF
2024-22,alonso,0.5,11,11,CLASSIFIED
2024-22,bottas,0.5,18,18,CLASSIFIED
2024-22,colapinto,0.5,14,14,CLASSIFIED
2024-22,gasly,0.5,20,20,DNF
2024-22,hamilton,0.5,2,2,CLASSIFIED
2024-22,hulkenberg,0.5,8,8,CLASSIFIED
2024-22,kevin_magnussen,0.5,12,12,CLASSIFIED
2024-22,lawson,0.5,16,16,CLASSIFIED
2024-22,leclerc,0.5,4,4,CLASSIFIED
2024-22,max_verstappen,0.5,5,5,CLASSIFIED
2024-22,norris,0.5,6,6,CLASSIFIED
2024-22,ocon,0.5,17,17,CLASSIFIED
2024-22,perez,0.5,10,10,CLASSIFIED
2024-22,piastri,0.5,7,7,CLASSIFIED
2024-22,russell,0.5,1,1,CLASSIFIED
2024-22,sainz,0.5,3,3,CLASSIFIED
2024-22,stroll,0.5,15,15,CLASSIFIED
2024-22,tsunoda,0.5,9,9,CLASSIFIED
2024-22,zhou,0.5,13,13,CLASSIFIED
2024-23,albon,0.5,15,15,CLASSIFIED
2024-23,alonso,0.5,7,7,CLASSIFIED
2024-23,bottas,0.5,11,11,CLASSIFIED
2024-23,colapinto,0.5,19,19,DNF
2024-23,gasly,0.5,5,5,CLASSIFIED
2024-23,hamilton,0.5,12,12,CLASSIFIED
2024-23,hulkenberg,0.5,16,16,DNF
2024-23,kevin_magnussen,0.5,9,9,CLASSIFIED
2024-23,lawson,0.5,14,14,CLASSIFIED
2024-23,leclerc,0.5,2,2,CLASSIFIED
2024-23,max_verstappen,0.5,1,1,CLASSIFIED
2024-23,norris,0.5,10,10,CLASSIFIED
2024-23,ocon,0.5,20,20,DNF
2024-23,perez,0.5,17,17,DNF
2024-23,piastri,0.5,3,3,CLASSIFIED
2024-23,russell,0.5,4,4,CLASSIFIED
2024-23,sainz,0.5,6,6,CLASSIFIED
2024-23,stroll,0.5,18,18,DNF
2024-23,tsunoda,0.5,13,13,CLASSIFIED
2024-23,zhou,0.5,8,8,CLASSIFIED
2024-24,albon,0.5,11,11,CLASSIFIED
2024-24,alonso,0.5,9,9,CLASSIFIED
2024-24,bottas,0.5,18,18,DNF
2024-24,colapinto,0.5,19,19,DNF
2024-24,doohan,0.5,15,15,CLASSIFIED
2024-24,gasly,0.5,7,7,CLASSIFIED
2024-24,hamilton,0.5,4,4,CLASSIFIED
2024-24,hulkenberg,0.5,8,8,CLASSIFIED
2024-24,kevin_magnussen,0.5,16,16,CLASSIFIED
2024-24,lawson,0.5,17,17,CLASSIFIED
2024-24,leclerc,0.5,3,3,CLASSIFIED
2024-24,max_verstappen,0.5,6,6,CLASSIFIED
2024-24,norris,0.5,1,1,CLASSIFIED
2024-24,perez,0.5,20,20,DNF
2024-24,piastri,0.5,10,10,CLASSIFIED
2024-24,russell,0.5,5,5,CLASSIFIED
2024-24,sainz,0.5,2,2,CLASSIFIED
2024-24,stroll,0.5,14,14,CLASSIFIED
2024-24,tsunoda,0.5,12,12,CLASSIFIED
2024-24,zhou,0.5,13,13,CLASSIFIED
2025-01,albon,0.75,5,5,CLASSIFIED
2025-01,alonso,0.75,17,17,DNF
2025-01,antonelli,0.75,4,4,CLASSIFIED
2025-01,bearman,0.75,14,14,CLASSIFIED
2025-01,bortoleto,0.75,16,16,DNF
2025-01,doohan,0.75,19,19,DNF
2025-01,gasly,0.75,11,11,CLASSIFIED
2025-01,hadjar,0.75,20,20,DNS
2025-01,hamilton,0.75,10,10,CLASSIFIED
2025-01,hulkenberg,0.75,7,7,CLASSIFIED
2025-01,lawson,0.75,15,15,DNF
2025-01,leclerc,0.75,8,8,CLASSIFIED
2025-01,max_verstappen,0.75,2,2,CLASSIFIED
2025-01,norris,0.75,1,1,CLASSIFIED
2025-01,ocon,0.75,13,13,CLASSIFIED
2025-01,piastri,0.75,9,9,CLASSIFIED
2025-01,russell,0.75,3,3,CLASSIFIED
2025-01,sainz,0.75,18,18,DNF
2025-01,stroll,0.75,6,6,CLASSIFIED
2025-01,tsunoda,0.75,12,12,CLASSIFIED
2025-02,albon,0.75,7,7,CLASSIFIED
2025-02,alonso,0.75,17,17,DNF
2025-02,antonelli,0.75,6,6,CLASSIFIED
2025-02,bearman,0.75,8,8,CLASSIFIED
2025-02,bortoleto,0.75,14,14,CLASSIFIED
2025-02,doohan,0.75,13,13,CLASSIFIED
2025-02,gasly,0.75,20,20,DSQ
2025-02,hadjar,0.75,11,11,CLASSIFIED
2025-02,hamilton,0.75,19,19,DSQ
2025-02,hulkenberg,0.75,15,15,CLASSIFIED
2025-02,lawson,0.75,12,12,CLASSIFIED
2025-02,leclerc,0.75,18,18,DSQ
2025-02,max_verstappen,0.75,4,4,CLASSIFIED
2025-02,norris,0.75,2,2,CLASSIFIED
2025-02,ocon,0.75,5,5,CLASSIFIED
2025-02,piastri,0.75,1,1,CLASSIFIED
2025-02,russell,0.75,3,3,CLASSIFIED
2025-02,sainz,0.75,10,10,CLASSIFIED
2025-02,stroll,0.75,9,9,CLASSIFIED
2025-02,tsunoda,0.75,16,16,CLASSIFIED
2025-03,albon,0.75,9,9,CLASSIFIED
2025-03,alonso,0.75,11,11,CLASSIFIED
2025-03,antonelli,0.75,6,6,CLASSIFIED
2025-03,bearman,0.75,10,10,CLASSIFIED
2025-03,bortoleto,0.75,19,19,CLASSIFIED
2025-03,doohan,0.75,15,15,CLASSIFIED
2025-03,gasly,0.75,13,13,CLASSIFIED
2025-03,hadjar,0.75,8,8,CLASSIFIED
2025-03,hamilton,0.75,7,7,CLASSIFIED
2025-03,hulkenberg,0.75,16,16,CLASSIFIED
2025-03,lawson,0.75,17,17,CLASSIFIED
2025-03,leclerc,0.75,4,4,CLASSIFIED
2025-03,max_verstappen,0.75,1,1,CLASSIFIED
2025-03,norris,0.75,2,2,CLASSIFIED
2025-03,ocon,0.75,18,18,CLASSIFIED
2025-03,piastri,0.75,3,3,CLASSIFIED
2025-03,russell,0.75,5,5,CLASSIFIED
2025-03,sainz,0.75,14,14,CLASSIFIED
2025-03,stroll,0.75,20,20,CLASSIFIED
2025-03,tsunoda,0.75,12,12,CLASSIFIED
2025-04,albon,0.75,12,12,CLASSIFIED
2025-04,alonso,0.75,15,15,CLASSIFIED
2025-04,antonelli,0.75,11,11,CLASSIFIED
2025-04,bearman,0.75,10,10,CLASSIFIED
2025-04,bortoleto,0.75,18,18,CLASSIFIED
2025-04,doohan,0.75,14,14,CLASSIFIED
2025-04,gasly,0.75,7,7,CLASSIFIED
2025-04,hadjar,0.75,13,13,CLASSIFIED
2025-04,hamilton,0.75,5,5,CLASSIFIED
2025-04,hulkenberg,0.75,20,20,DSQ
2025-04,lawson,0.75,16,16,CLASSIFIED
2025-04,leclerc,0.75,4,4,CLASSIFIED
2025-04,max_verstappen,0.75,6,6,CLASSIFIED
2025-04,norris,0.75,3,3,CLASSIFIED
2025-04,ocon,0.75,8,8,CLASSIFIED
2025-04,piastri,0.75,1,1,CLASSIFIED
2025-04,russell,0.75,2,2,CLASSIFIED
2025-04,sainz,0.75,19,19,DNF
2025-04,stroll,0.75,17,17,CLASSIFIED
2025-04,tsunoda,0.75,9,9,CLASSIFIED
2025-05,albon,0.75,9,9,CLASSIFIED
2025-05,alonso,0.75,11,11,CLASSIFIED
2025-05,antonelli,0.75,6,6,CLASSIFIED
2025-05,bearman,0.75,13,13,CLASSIFIED
2025-05,bortoleto,0.75,18,18,CLASSIFIED
2025-05,doohan,0.75,17,17,CLASSIFIED
2025-05,gasly,0.75,20,20,DNF
2025-05,hadjar,0.75,10,10,CLASSIFIED
2025-05,hamilton,0.75,7,7,CLASSIFIED
2025-05,hulkenberg,0.75,15,15,CLASSIFIED
2025-05,lawson,0.75,12,12,CLASSIFIED
2025-05,leclerc,0.75,3,3,CLASSIFIED
2025-05,max_verstappen,0.75,2,2,CLASSIFIED
2025-05,norris,0.75,4,4,CLASSIFIED
2025-05,ocon,0.75,14,14,CLASSIFIED
2025-05,piastri,0.75,1,1,CLASSIFIED
2025-05,russell,0.75,5,5,CLASSIFIED
2025-05,sainz,0.75,8,8,CLASSIFIED
2025-05,stroll,0.75,16,16,CLASSIFIED
2025-05,tsunoda,0.75,19,19,DNF
2025-06,albon,0.75,5,5,CLASSIFIED
2025-06,alonso,0.75,15,15,CLASSIFIED
2025-06,antonelli,0.75,6,6,CLASSIFIED
2025-06,bearman,0.75,19,19,DNF
2025-06,bortoleto,0.75,18,18,DNF
2025-06,doohan,0.75,20,20,DNF
2025-06,gasly,0.75,13,13,CLASSIFIED
2025-06,hadjar,0.75,11,11,CLASSIFIED
2025-06,hamilton,0.75,8,8,CLASSIFIED
2025-06,hulkenberg,0.75,14,14,CLASSIFIED
2025-06,lawson,0.75,17,17,DNF
2025-06,leclerc,0.75,7,7,CLASSIFIED
2025-06,max_verstappen,0.75,4,4,CLASSIFIED
2025-06,norris,0.75,2,2,CLASSIFIED
2025-06,ocon,0.75,12,12,CLASSIFIED
2025-06,piastri,0.75,1,1,CLASSIFIED
2025-06,russell,0.75,3,3,CLASSIFIED
2025-06,sainz,0.75,9,9,CLASSIFIED
2025-06,stroll,0.75,16,16,CLASSIFIED
2025-06,tsunoda,0.75,10,10,CLASSIFIED
2025-07,albon,0.75,5,5,CLASSIFIED
2025-07,alonso,0.75,11,11,CLASSIFIED
2025-07,antonelli,0.75,19,19,DNF
2025-07,bearman,0.75,17,17,CLASSIFIED
2025-07,bortoleto,0.75,18,18,CLASSIFIED
2025-07,colapinto,0.75,16,16,CLASSIFIED
2025-07,gasly,0.75,13,13,CLASSIFIED
2025-07,hadjar,0.75,9,9,CLASSIFIED
2025-07,hamilton,0.75,4,4,CLASSIFIED
2025-07,hulkenberg,0.75,12,12,CLASSIFIED
2025-07,lawson,0.75,14,14,CLASSIFIED
2025-07,leclerc,0.75,6,6,CLASSIFIED
2025-07,max_verstappen,0.75,1,1,CLASSIFIED
2025-07,norris,0.75,2,2,CLASSIFIED
2025-07,ocon,0.75,20,20,DNF
2025-07,piastri,0.75,3,3,CLASSIFIED
2025-07,russell,0.75,7,7,CLASSIFIED
2025-07,sainz,0.75,8,8,CLASSIFIED
2025-07,stroll,0.75,15,15,CLASSIFIED
2025-07,tsunoda,0.75,10,10,CLASSIFIED
2025-08,albon,0.75,9,9,CLASSIFIED
2025-08,alonso,0.75,19,19,DNF
2025-08,antonelli,0.75,18,18,CLASSIFIED
2025-08,bearman,0.75,12,12,CLASSIFIED
2025-08,bortoleto,0.75,14,14,CLASSIFIED
2025-08,colapinto,0.75,13,13,CLASSIFIED
2025-08,gasly,0.75,20,20,DNF
2025-08,hadjar,0.75,6,6,CLASSIFIED
2025-08,hamilton,0.75,5,5,CLASSIFIED
2025-08,hulkenberg,0.75,16,16,CLASSIFIED
2025-08,lawson,0.75,8,8,CLASSIFIED
2025-08,leclerc,0.75,2,2,CLASSIFIED
2025-08,max_verstappen,0.75,4,4,CLASSIFIED
2025-08,norris,0.75,1,1,CLASSIFIED
2025-08,ocon,0.75,7,7,CLASSIFIED
2025-08,piastri,0.75,3,3,CLASSIFIED
2025-08,russell,0.75,11,11,CLASSIFIED
2025-08,sainz,0.75,10,10,CLASSIFIED
2025-08,stroll,0.75,15,15,CLASSIFIED
2025-08,tsunoda,0.75,17,17,CLASSIFIED
2025-09,albon,0.75,19,19,DNF
2025-09,alonso,0.75,9,9,CLASSIFIED
2025-09,antonelli,0.75,18,18,DNF
2025-09,bearman,0.75,17,17,CLASSIFIED
2025-09,bortoleto,0.75,12,12,CLASSIFIED
2025-09,colapinto,0.75,15,15,CLASSIFIED
2025-09,gasly,0.75,8,8,CLASSIFIED
2025-09,hadjar,0.75,7,7,CLASSIFIED
2025-09,hamilton,0.75,6,6,CLASSIFIED
2025-09,hulkenberg,0.75,5,5,CLASSIFIED
2025-09,lawson,0.75,11,11,CLASSIFIED
2025-09,leclerc,0.75,3,3,CLASSIFIED
2025-09,max_verstappen,0.75,10,10,CLASSIFIED
2025-09,norris,0.75,2,2,CLASSIFIED
2025-09,ocon,0.75,16,16,CLASSIFIED
2025-09,piastri,0.75,1,1,CLASSIFIED
2025-09,russell,0.75,4,4,CLASSIFIED
2025-09,sainz,0.75,14,14,CLASSIFIED
2025-09,tsunoda,0.75,13,13,CLASSIFIED
2025-10,albon,0.75,20,20,DNF
2025-10,alonso,0.75,7,7,CLASSIFIED
2025-10,antonelli,0.75,3,3,CLASSIFIED
2025-10,bearman,0.75,11,11,CLASSIFIED
2025-10,bortoleto,0.75,14,14,CLASSIFIED
2025-10,colapinto,0.75,13,13,CLASSIFIED
2025-10,gasly,0.75,15,15,CLASSIFIED
2025-10,hadjar,0.75,16,16,CLASSIFIED
2025-10,hamilton,0.75,6,6,CLASSIFIED
2025-10,hulkenberg,0.75,8,8,CLASSIFIED
2025-10,lawson,0.75,19,19,DNF
2025-10,leclerc,0.75,5,5,CLASSIFIED
2025-10,max_verstappen,0.75,2,2,CLASSIFIED
2025-10,norris,0.75,18,18,CLASSIFIED
2025-10,ocon,0.75,9,9,CLASSIFIED
2025-10,piastri,0.75,4,4,CLASSIFIED
2025-10,russell,0.75,1,1,CLASSIFIED
2025-10,sainz,0.75,10,10,CLASSIFIED
2025-10,stroll,0.75,17,17,CLASSIFIED
2025-10,tsunoda,0.75,12,12,CLASSIFIED
2025-11,albon,0.75,17,17,DNF
2025-11,alonso,0.75,7,7,CLASSIFIED
2025-11,antonelli,0.75,19,19,DNF
2025-11,bearman,0.75,11,11,CLASSIFIED
2025-11,bortoleto,0.75,8,8,CLASSIFIED
2025-11,colapinto,0.75,15,15,CLASSIFIED
2025-11,gasly,0.75,13,13,CLASSIFIED
2025-11,hadjar,0.75,12,12,CLASSIFIED
2025-11,hamilton,0.75,4,4,CLASSIFIED
2025-11,hulkenberg,0.75,9,9,CLASSIFIED
2025-11,lawson,0.75,6,6,CLASSIFIED
2025-11,leclerc,0.75,3,3,CLASSIFIED
2025-11,max_verstappen,0.75,18,18,DNF
2025-11,norris,0.75,1,1,CLASSIFIED
2025-11,ocon,0.75,10,10,CLASSIFIED
2025-11,piastri,0.75,2,2,CLASSIFIED
2025-11,russell,0.75,5,5,CLASSIFIED
2025-11,sainz,0.75,20,20,DNS
2025-11,stroll,0.75,14,14,CLASSIFIED
2025-11,tsunoda,0.75,16,16,CLASSIFIED
2025-12,albon,0.75,8,8,CLASSIFIED
2025-12,alonso,0.75,9,9,CLASSIFIED
2025-12,antonelli,0.75,16,16,DNF
2025-12,bearman,0.75,11,11,CLASSIFIED
2025-12,bortoleto,0.75,18,18,DNF
2025-12,colapinto,0.75,20,20,DNS
2025-12,gasly,0.75,6,6,CLASSIFIED
2025-12,hadjar,0.75,17,17,DNF
2025-12,hamilton,0.75,4,4,CLASSIFIED
2025-12,hulkenberg,0.75,3,3,CLASSIFIED
2025-12,lawson,0.75,19,19,DNF
2025-12,leclerc,0.75,14,14,CLASSIFIED
2025-12,max_verstappen,0.75,5,5,CLASSIFIED
2025-12,norris,0.75,1,1,CLASSIFIED
2025-12,ocon,0.75,13,13,CLASSIFIED
2025-12,piastri,0.75,2,2,CLASSIFIED
2025-12,russell,0.75,10,10,CLASSIFIED
2025-12,sainz,0.75,12,12,CLASSIFIED
2025-12,stroll,0.75,7,7,CLASSIFIED
2025-12,tsunoda,0.75,15,15,CLASSIFIED
2025-13,albon,0.75,6,6,CLASSIFIED
2025-13,alonso,0.75,17,17,CLASSIFIED
2025-13,antonelli,0.75,16,16,CLASSIFIED
2025-13,bearman,0.75,11,11,CLASSIFIED
2025-13,bortoleto,0.75,9,9,CLASSIFIED
2025-13,colapinto,0.75,19,19,CLASSIFIED
2025-13,gasly,0.75,10,10,CLASSIFIED
2025-13,hadjar,0.75,20,20,CLASSIFIED
2025-13,hamilton,0.75,7,7,CLASSIFIED
2025-13,hulkenberg,0.75,12,12,CLASSIFIED
2025-13,lawson,0.75,8,8,CLASSIFIED
2025-13,leclerc,0.75,3,3,CLASSIFIED
2025-13,max_verstappen,0.75,4,4,CLASSIFIED
2025-13,norris,0.75,2,2,CLASSIFIED
2025-13,ocon,0.75,15,15,CLASSIFIED
2025-13,piastri,0.75,1,1,CLASSIFIED
2025-13,russell,0.75,5,5,CLASSIFIED
2025-13,sainz,0.75,18,18,CLASSIFIED
2025-13,stroll,0.75,14,14,CLASSIFIED
2025-13,tsunoda,0.75,13,13,CLASSIFIED
2025-14,albon,0.75,15,15,CLASSIFIED
2025-14,alonso,0.75,5,5,CLASSIFIED
2025-14,antonelli,0.75,10,10,CLASSIFIED
2025-14,bearman,0.75,20,20,DNF
2025-14,bortoleto,0.75,6,6,CLASSIFIED
2025-14,colapinto,0.75,18,18,CLASSIFIED
2025-14,gasly,0.75,19,19,CLASSIFIED
2025-14,hadjar,0.75,11,11,CLASSIFIED
2025-14,hamilton,0.75,12,12,CLASSIFIED
2025-14,hulkenberg,0.75,13,13,CLASSIFIED
2025-14,lawson,0.75,8,8,CLASSIFIED
2025-14,leclerc,0.75,4,4,CLASSIFIED
2025-14,max_verstappen,0.75,9,9,CLASSIFIED
2025-14,norris,0.75,1,1,CLASSIFIED
2025-14,ocon,0.75,16,16,CLASSIFIED
2025-14,piastri,0.75,2,2,CLASSIFIED
2025-14,russell,0.75,3,3,CLASSIFIED
2025-14,sainz,0.75,14,14,CLASSIFIED
2025-14,stroll,0.75,7,7,CLASSIFIED
2025-14,tsunoda,0.75,17,17,CLASSIFIED
2025-15,albon,0.75,5,5,CLASSIFIED
2025-15,alonso,0.75,8,8,CLASSIFIED
2025-15,antonelli,0.75,16,16,CLASSIFIED
2025-15,bearman,0.75,6,6,CLASSIFIED
2025-15,bortoleto,0.75,15,15,CLASSIFIED
2025-15,colapinto,0.75,11,11,CLASSIFIED
2025-15,gasly,0.75,17,17,CLASSIFIED
2025-15,hadjar,0.75,3,3,CLASSIFIED
2025-15,hamilton,0.75,20,20,DNF
2025-15,hulkenberg,0.75,14,14,CLASSIFIED
2025-15,lawson,0.75,12,12,CLASSIFIED
2025-15,leclerc,0.75,19,19,DNF
2025-15,max_verstappen,0.75,2,2,CLASSIFIED
2025-15,norris,0.75,18,18,CLASSIFIED
2025-15,ocon,0.75,10,10,CLASSIFIED
2025-15,piastri,0.75,1,1,CLASSIFIED
2025-15,russell,0.75,4,4,CLASSIFIED
2025-15,sainz,0.75,13,13,CLASSIFIED
2025-15,stroll,0.75,7,7,CLASSIFIED
2025-15,tsunoda,0.75,9,9,CLASSIFIED
2025-16,albon,0.75,7,7,CLASSIFIED
2025-16,alonso,0.75,19,19,DNF
2025-16,antonelli,0.75,9,9,CLASSIFIED
2025-16,bearman,0.75,12,12,CLASSIFIED
2025-16,bortoleto,0.75,8,8,CLASSIFIED
2025-16,colapinto,0.75,17,17,CLASSIFIED
2025-16,gasly,0.75,16,16,CLASSIFIED
2025-16,hadjar,0.75,10,10,CLASSIFIED
2025-16,hamilton,0.75,6,6,CLASSIFIED
2025-16,hulkenberg,0.75,20,20,DNS
2025-16,lawson,0.75,14,14,CLASSIFIED
2025-16,leclerc,0.75,4,4,CLASSIFIED
2025-16,max_verstappen,0.75,1,1,CLASSIFIED
2025-16,norris,0.75,2,2,CLASSIFIED
2025-16,ocon,0.75,15,15,CLASSIFIED
2025-16,piastri,0.75,3,3,CLASSIFIED
2025-16,russell,0.75,5,5,CLASSIFIED
2025-16,sainz,0.75,11,11,CLASSIFIED
2025-16,stroll,0.75,18,18,CLASSIFIED
2025-16,tsunoda,0.75,13,13,CLASSIFIED
2025-17,albon,0.75,13,13,CLASSIFIED
2025-17,alonso,0.75,15,15,CLASSIFIED
2025-17,antonelli,0.75,4,4,CLASSIFIED
2025-17,bearman,0.75,12,12,CLASSIFIED
2025-17,bortoleto,0.75,11,11,CLASSIFIED
2025-17,colapinto,0.75,19,19,CLASSIFIED
2025-17,gasly,0.75,18,18,CLASSIFIED
2025-17,hadjar,0.75,10,10,CLASSIFIED
2025-17,hamilton,0.75,8,8,CLASSIFIED
2025-17,hulkenberg,0.75,16,16,CLASSIFIED
2025-17,lawson,0.75,5,5,CLASSIFIED
2025-17,leclerc,0.75,9,9,CLASSIFIED
2025-17,max_verstappen,0.75,1,1,CLASSIFIED
2025-17,norris,0.75,7,7,CLASSIFIED
2025-17,ocon,0.75,14,14,CLASSIFIED
2025-17,piastri,0.75,20,20,DNF
2025-17,russell,0.75,2,2,CLASSIFIED
2025-17,sainz,0.75,3,3,CLASSIFIED
2025-17,stroll,0.75,17,17,CLASSIFIED
2025-17,tsunoda,0.75,6,6,CLASSIFIED
2025-18,albon,0.75,14,14,CLASSIFIED
2025-18,alonso,0.75,7,7,CLASSIFIED
2025-18,antonelli,0.75,5,5,CLASSIFIED
2025-18,bearman,0.75,9,9,CLASSIFIED
2025-18,bortoleto,0.75,17,17,CLASSIFIED
2025-18,colapinto,0.75,16,16,CLASSIFIED
2025-18,gasly,0.75,19,19,CLASSIFIED
2025-18,hadjar,0.75,11,11,CLASSIFIED
2025-18,hamilton,0.75,8,8,CLASSIFIED
2025-18,hulkenberg,0.75,20,20,CLASSIFIED
2025-18,lawson,0.75,15,15,CLASSIFIED
2025-18,leclerc,0.75,6,6,CLASSIFIED
2025-18,max_verstappen,0.75,2,2,CLASSIFIED
2025-18,norris,0.75,3,3,CLASSIFIED
2025-18,ocon,0.75,18,18,CLASSIFIED
2025-18,piastri,0.75,4,4,CLASSIFIED
2025-18,russell,0.75,1,1,CLASSIFIED
2025-18,sainz,0.75,10,10,CLASSIFIED
2025-18,stroll,0.75,13,13,CLASSIFIED
2025-18,tsunoda,0.75,12,12,CLASSIFIED
2025-19,albon,0.75,14,14,CLASSIFIED
2025-19,alonso,0.75,10,10,CLASSIFIED
2025-19,antonelli,0.75,13,13,CLASSIFIED
2025-19,bearman,0.75,9,9,CLASSIFIED
2025-19,bortoleto,0.75,18,18,CLASSIFIED
2025-19,colapinto,0.75,17,17,CLASSIFIED
2025-19,gasly,0.75,19,19,CLASSIFIED
2025-19,hadjar,0.75,16,16,CLASSIFIED
2025-19,hamilton,0.75,4,4,CLASSIFIED
2025-19,hulkenberg,0.75,8,8,CLASSIFIED
2025-19,lawson,0.75,11,11,CLASSIFIED
2025-19,leclerc,0.75,3,3,CLASSIFIED
2025-19,max_verstappen,0.75,1,1,CLASSIFIED
2025-19,norris,0.75,2,2,CLASSIFIED
2025-19,ocon,0.75,15,15,CLASSIFIED
2025-19,piastri,0.75,5,5,CLASSIFIED
2025-19,russell,0.75,6,6,CLASSIFIED
2025-19,sainz,0.75,20,20,DNF
2025-19,stroll,0.75,12,12,CLASSIFIED
2025-19,tsunoda,0.75,7,7,CLASSIFIED
2025-20,albon,0.75,12,12,CLASSIFIED
2025-20,alonso,0.75,18,18,DNF
2025-20,antonelli,0.75,6,6,CLASSIFIED
2025-20,bearman,0.75,4,4,CLASSIFIED
2025-20,bortoleto,0.75,10,10,CLASSIFIED
2025-20,colapinto,0.75,16,16,CLASSIFIED
2025-20,gasly,0.75,15,15,CLASSIFIED
2025-20,hadjar,0.75,13,13,CLASSIFIED
2025-20,hamilton,0.75,8,8,CLASSIFIED
2025-20,hulkenberg,0.75,19,19,DNF
2025-20,lawson,0.75,20,20,DNF
2025-20,leclerc,0.75,2,2,CLASSIFIED
2025-20,max_verstappen,0.75,3,3,CLASSIFIED
2025-20,norris,0.75,1,1,CLASSIFIED
2025-20,ocon,0.75,9,9,CLASSIFIED
2025-20,piastri,0.75,5,5,CLASSIFIED
2025-20,russell,0.75,7,7,CLASSIFIED
2025-20,sainz,0.75,17,17,CLASSIFIED
2025-20,stroll,0.75,14,14,CLASSIFIED
2025-20,tsunoda,0.75,11,11,CLASSIFIED
2025-21,albon,0.75,11,11,CLASSIFIED
2025-21,alonso,0.75,14,14,CLASSIFIED
2025-21,antonelli,0.75,2,2,CLASSIFIED
2025-21,bearman,0.75,6,6,CLASSIFIED
2025-21,bortoleto,0.75,20,20,DNF
2025-21,colapinto,0.75,15,15,CLASSIFIED
2025-21,gasly,0.75,10,10,CLASSIFIED
2025-21,hadjar,0.75,8,8,CLASSIFIED
2025-21,hamilton,0.75,18,18,DNF
2025-21,hulkenberg,0.75,9,9,CLASSIFIED
2025-21,lawson,0.75,7,7,CLASSIFIED
2025-21,leclerc,0.75,19,19,DNF
2025-21,max_verstappen,0.75,3,3,CLASSIFIED
2025-21,norris,0.75,1,1,CLASSIFIED
2025-21,ocon,0.75,12,12,CLASSIFIED
2025-21,piastri,0.75,5,5,CLASSIFIED
2025-21,russell,0.75,4,4,CLASSIFIED
2025-21,sainz,0.75,13,13,CLASSIFIED
2025-21,stroll,0.75,16,16,CLASSIFIED
2025-21,tsunoda,0.75,17,17,CLASSIFIED
2025-22,albon,0.75,16,16,DNF
2025-22,alonso,0.75,11,11,CLASSIFIED
2025-22,antonelli,0.75,3,3,CLASSIFIED
2025-22,bearman,0.75,10,10,CLASSIFIED
2025-22,bortoleto,0.75,17,17,DNF
2025-22,colapinto,0.75,15,15,CLASSIFIED
2025-22,gasly,0.75,13,13,CLASSIFIED
2025-22,hadjar,0.75,6,6,CLASSIFIED
2025-22,hamilton,0.75,8,8,CLASSIFIED
2025-22,hulkenberg,0.75,7,7,CLASSIFIED
2025-22,lawson,0.75,14,14,CLASSIFIED
2025-22,leclerc,0.75,4,4,CLASSIFIED
2025-22,max_verstappen,0.75,1,1,CLASSIFIED
2025-22,norris,0.75,19,19,DSQ
2025-22,ocon,0.75,9,9,CLASSIFIED
2025-22,piastri,0.75,20,20,DSQ
2025-22,russell,0.75,2,2,CLASSIFIED
2025-22,sainz,0.75,5,5,CLASSIFIED
2025-22,stroll,0.75,18,18,DNF
2025-22,tsunoda,0.75,12,12,CLASSIFIED
2025-23,albon,0.75,11,11,CLASSIFIED
2025-23,alonso,0.75,7,7,CLASSIFIED
2025-23,antonelli,0.75,5,5,CLASSIFIED
2025-23,bearman,0.75,19,19,DNF
2025-23,bortoleto,0.75,13,13,CLASSIFIED
2025-23,colapinto,0.75,14,14,CLASSIFIED
2025-23,gasly,0.75,16,16,CLASSIFIED
2025-23,hadjar,0.75,18,18,CLASSIFIED
2025-23,hamilton,0.75,12,12,CLASSIFIED
2025-23,hulkenberg,0.75,20,20,DNF
2025-23,lawson,0.75,9,9,CLASSIFIED
2025-23,leclerc,0.75,8,8,CLASSIFIED
2025-23,max_verstappen,0.75,1,1,CLASSIFIED
2025-23,norris,0.75,4,4,CLASSIFIED
2025-23,ocon,0.75,15,15,CLASSIFIED
2025-23,piastri,0.75,2,2,CLASSIFIED
2025-23,russell,0.75,6,6,CLASSIFIED
2025-23,sainz,0.75,3,3,CLASSIFIED
2025-23,stroll,0.75,17,17,CLASSIFIED
2025-23,tsunoda,0.75,10,10,CLASSIFIED
2025-24,albon,0.75,16,16,CLASSIFIED
2025-24,alonso,0.75,6,6,CLASSIFIED
2025-24,antonelli,0.75,15,15,CLASSIFIED
2025-24,bearman,0.75,12,12,CLASSIFIED
2025-24,bortoleto,0.75,11,11,CLASSIFIED
2025-24,colapinto,0.75,20,20,CLASSIFIED
2025-24,gasly,0.75,19,19,CLASSIFIED
2025-24,hadjar,0.75,17,17,CLASSIFIED
2025-24,hamilton,0.75,8,8,CLASSIFIED
2025-24,hulkenberg,0.75,9,9,CLASSIFIED
2025-24,lawson,0.75,18,18,CLASSIFIED
2025-24,leclerc,0.75,4,4,CLASSIFIED
2025-24,max_verstappen,0.75,1,1,CLASSIFIED
2025-24,norris,0.75,3,3,CLASSIFIED
2025-24,ocon,0.75,7,7,CLASSIFIED
2025-24,piastri,0.75,2,2,CLASSIFIED
2025-24,russell,0.75,5,5,CLASSIFIED
2025-24,sainz,0.75,13,13,CLASSIFIED
2025-24,stroll,0.75,10,10,CLASSIFIED
2025-24,tsunoda,0.75,14,14,CLASSIFIED
2026-01,albon,1.0,12,12,CLASSIFIED
2026-01,alonso,1.0,18,18,DNF
2026-01,antonelli,1.0,2,2,CLASSIFIED
2026-01,arvid_lindblad,1.0,8,8,CLASSIFIED
2026-01,bearman,1.0,7,7,CLASSIFIED
2026-01,bortoleto,1.0,9,9,CLASSIFIED
2026-01,bottas,1.0,19,19,DNF
2026-01,colapinto,1.0,14,14,CLASSIFIED
2026-01,gasly,1.0,10,10,CLASSIFIED
2026-01,hadjar,1.0,20,20,DNF
2026-01,hamilton,1.0,4,4,CLASSIFIED
2026-01,hulkenberg,1.0,22,22,DNS
2026-01,lawson,1.0,13,13,CLASSIFIED
2026-01,leclerc,1.0,3,3,CLASSIFIED
2026-01,max_verstappen,1.0,6,6,CLASSIFIED
2026-01,norris,1.0,5,5,CLASSIFIED
2026-01,ocon,1.0,11,11,CLASSIFIED
2026-01,perez,1.0,16,16,CLASSIFIED
2026-01,piastri,1.0,21,21,DNS
2026-01,russell,1.0,1,1,CLASSIFIED
2026-01,sainz,1.0,15,15,CLASSIFIED
2026-01,stroll,1.0,17,17,NC
2026-02,albon,1.0,22,22,DNS
2026-02,alonso,1.0,17,17,DNF
2026-02,antonelli,1.0,1,1,CLASSIFIED
2026-02,arvid_lindblad,1.0,12,12,CLASSIFIED
2026-02,bearman,1.0,5,5,CLASSIFIED
2026-02,bortoleto,1.0,21,21,DNS
2026-02,bottas,1.0,13,13,CLASSIFIED
2026-02,colapinto,1.0,10,10,CLASSIFIED
2026-02,gasly,1.0,6,6,CLASSIFIED
2026-02,hadjar,1.0,8,8,CLASSIFIED
2026-02,hamilton,1.0,3,3,CLASSIFIED
2026-02,hulkenberg,1.0,11,11,CLASSIFIED
2026-02,lawson,1.0,7,7,CLASSIFIED
2026-02,leclerc,1.0,4,4,CLASSIFIED
2026-02,max_verstappen,1.0,16,16,DNF
2026-02,norris,1.0,20,20,DNS
2026-02,ocon,1.0,14,14,CLASSIFIED
2026-02,perez,1.0,15,15,CLASSIFIED
2026-02,piastri,1.0,19,19,DNS
2026-02,russell,1.0,2,2,CLASSIFIED
2026-02,sainz,1.0,9,9,CLASSIFIED
2026-02,stroll,1.0,18,18,DNF
2026-03,albon,1.0,20,20,CLASSIFIED
2026-03,alonso,1.0,18,18,CLASSIFIED
2026-03,antonelli,1.0,1,1,CLASSIFIED
2026-03,arvid_lindblad,1.0,14,14,CLASSIFIED
2026-03,bearman,1.0,22,22,DNF
2026-03,bortoleto,1.0,13,13,CLASSIFIED
2026-03,bottas,1.0,19,19,CLASSIFIED
2026-03,colapinto,1.0,16,16,CLASSIFIED
2026-03,gasly,1.0,7,7,CLASSIFIED
2026-03,hadjar,1.0,12,12,CLASSIFIED
2026-03,hamilton,1.0,6,6,CLASSIFIED
2026-03,hulkenberg,1.0,11,11,CLASSIFIED
2026-03,lawson,1.0,9,9,CLASSIFIED
2026-03,leclerc,1.0,3,3,CLASSIFIED
2026-03,max_verstappen,1.0,8,8,CLASSIFIED
2026-03,norris,1.0,5,5,CLASSIFIED
2026-03,ocon,1.0,10,10,CLASSIFIED
2026-03,perez,1.0,17,17,CLASSIFIED
2026-03,piastri,1.0,2,2,CLASSIFIED
2026-03,russell,1.0,4,4,CLASSIFIED
2026-03,sainz,1.0,15,15,CLASSIFIED
2026-03,stroll,1.0,21,21,DNF
2026-04,albon,1.0,10,10,CLASSIFIED
2026-04,alonso,1.0,15,15,CLASSIFIED
2026-04,antonelli,1.0,1,1,CLASSIFIED
2026-04,arvid_lindblad,1.0,14,14,CLASSIFIED
2026-04,bearman,1.0,11,11,CLASSIFIED
2026-04,bortoleto,1.0,12,12,CLASSIFIED
2026-04,bottas,1.0,18,18,CLASSIFIED
2026-04,colapinto,1.0,7,7,CLASSIFIED
2026-04,gasly,1.0,21,21,DNF
2026-04,hadjar,1.0,22,22,DNF
2026-04,hamilton,1.0,6,6,CLASSIFIED
2026-04,hulkenberg,1.0,19,19,DNF
2026-04,lawson,1.0,20,20,DNF
2026-04,leclerc,1.0,8,8,CLASSIFIED
2026-04,max_verstappen,1.0,5,5,CLASSIFIED
2026-04,norris,1.0,2,2,CLASSIFIED
2026-04,ocon,1.0,13,13,CLASSIFIED
2026-04,perez,1.0,16,16,CLASSIFIED
2026-04,piastri,1.0,3,3,CLASSIFIED
2026-04,russell,1.0,4,4,CLASSIFIED
2026-04,sainz,1.0,9,9,CLASSIFIED
2026-04,stroll,1.0,17,17,CLASSIFIED
2026-05,albon,1.0,21,21,DNF
2026-05,alonso,1.0,20,20,DNF
2026-05,antonelli,1.0,1,1,CLASSIFIED
2026-05,arvid_lindblad,1.0,22,22,DNS
2026-05,bearman,1.0,10,10,CLASSIFIED
2026-05,bortoleto,1.0,13,13,CLASSIFIED
2026-05,bottas,1.0,16,16,CLASSIFIED
2026-05,colapinto,1.0,6,6,CLASSIFIED
2026-05,gasly,1.0,8,8,CLASSIFIED
2026-05,hadjar,1.0,5,5,CLASSIFIED
2026-05,hamilton,1.0,2,2,CLASSIFIED
2026-05,hulkenberg,1.0,12,12,CLASSIFIED
2026-05,lawson,1.0,7,7,CLASSIFIED
2026-05,leclerc,1.0,4,4,CLASSIFIED
2026-05,max_verstappen,1.0,3,3,CLASSIFIED
2026-05,norris,1.0,18,18,DNF
2026-05,ocon,1.0,14,14,CLASSIFIED
2026-05,perez,1.0,17,17,DNF
2026-05,piastri,1.0,11,11,CLASSIFIED
2026-05,russell,1.0,19,19,DNF
2026-05,sainz,1.0,9,9,CLASSIFIED
2026-05,stroll,1.0,15,15,CLASSIFIED
2026-06,albon,1.0,8,8,CLASSIFIED
2026-06,alonso,1.0,10,10,CLASSIFIED
2026-06,antonelli,1.0,1,1,CLASSIFIED
2026-06,arvid_lindblad,1.0,7,7,CLASSIFIED
2026-06,bearman,1.0,20,20,DNF
2026-06,bortoleto,1.0,11,11,CLASSIFIED
2026-06,bottas,1.0,21,21,DNF
2026-06,colapinto,1.0,14,14,CLASSIFIED
2026-06,gasly,1.0,3,3,CLASSIFIED
2026-06,hadjar,1.0,4,4,CLASSIFIED
2026-06,hamilton,1.0,2,2,CLASSIFIED
2026-06,hulkenberg,1.0,13,13,CLASSIFIED
2026-06,lawson,1.0,6,6,CLASSIFIED
2026-06,leclerc,1.0,17,17,DNF
2026-06,max_verstappen,1.0,22,22,DNF
2026-06,norris,1.0,19,19,DNF
2026-06,ocon,1.0,9,9,CLASSIFIED
2026-06,perez,1.0,15,15,CLASSIFIED
2026-06,piastri,1.0,5,5,CLASSIFIED
2026-06,russell,1.0,12,12,CLASSIFIED
2026-06,sainz,1.0,16,16,CLASSIFIED
2026-06,stroll,1.0,18,18,DNF
2026-07,albon,1.0,18,18,NC
2026-07,alonso,1.0,19,19,DNF
2026-07,antonelli,1.0,16,16,CLASSIFIED
2026-07,arvid_lindblad,1.0,9,9,CLASSIFIED
2026-07,bearman,1.0,17,17,CLASSIFIED
2026-07,bortoleto,1.0,11,11,CLASSIFIED
2026-07,bottas,1.0,21,21,DNF
2026-07,colapinto,1.0,10,10,CLASSIFIED
2026-07,gasly,1.0,7,7,CLASSIFIED
2026-07,hadjar,1.0,6,6,CLASSIFIED
2026-07,hamilton,1.0,1,1,CLASSIFIED
2026-07,hulkenberg,1.0,20,20,DNF
2026-07,lawson,1.0,8,8,CLASSIFIED
2026-07,leclerc,1.0,15,15,CLASSIFIED
2026-07,max_verstappen,1.0,4,4,CLASSIFIED
2026-07,norris,1.0,3,3,CLASSIFIED
2026-07,ocon,1.0,13,13,CLASSIFIED
2026-07,perez,1.0,14,14,CLASSIFIED
2026-07,piastri,1.0,5,5,CLASSIFIED
2026-07,russell,1.0,2,2,CLASSIFIED
2026-07,sainz,1.0,12,12,CLASSIFIED
2026-07,stroll,1.0,22,22,DNF
2026-08,albon,1.0,17,17,CLASSIFIED
2026-08,alonso,1.0,18,18,CLASSIFIED
2026-08,antonelli,1.0,3,3,CLASSIFIED
2026-08,arvid_lindblad,1.0,10,10,CLASSIFIED
2026-08,bearman,1.0,14,14,CLASSIFIED
2026-08,bortoleto,1.0,11,11,CLASSIFIED
2026-08,bottas,1.0,22,22,DNF
2026-08,colapinto,1.0,15,15,CLASSIFIED
2026-08,gasly,1.0,13,13,CLASSIFIED
2026-08,hadjar,1.0,6,6,CLASSIFIED
2026-08,hamilton,1.0,5,5,CLASSIFIED
2026-08,hulkenberg,1.0,12,12,CLASSIFIED
2026-08,lawson,1.0,9,9,CLASSIFIED
2026-08,leclerc,1.0,8,8,CLASSIFIED
2026-08,max_verstappen,1.0,2,2,CLASSIFIED
2026-08,norris,1.0,7,7,CLASSIFIED
2026-08,ocon,1.0,16,16,CLASSIFIED
2026-08,perez,1.0,21,21,DNF
2026-08,piastri,1.0,4,4,CLASSIFIED
2026-08,russell,1.0,1,1,CLASSIFIED
2026-08,sainz,1.0,20,20,DNF
2026-08,stroll,1.0,19,19,DNF
2026-09,albon,1.0,21,21,DNF
2026-09,alonso,1.0,18,18,CLASSIFIED
2026-09,antonelli,1.0,15,15,CLASSIFIED
2026-09,arvid_lindblad,1.0,7,7,CLASSIFIED
2026-09,bearman,1.0,12,12,CLASSIFIED
2026-09,bortoleto,1.0,8,8,CLASSIFIED
2026-09,bottas,1.0,16,16,CLASSIFIED
2026-09,colapinto,1.0,9,9,CLASSIFIED
2026-09,gasly,1.0,10,10,CLASSIFIED
2026-09,hadjar,1.0,5,5,CLASSIFIED
2026-09,hamilton,1.0,3,3,CLASSIFIED
2026-09,hulkenberg,1.0,22,22,DNF
2026-09,lawson,1.0,6,6,CLASSIFIED
2026-09,leclerc,1.0,1,1,CLASSIFIED
2026-09,max_verstappen,1.0,20,20,CLASSIFIED
2026-09,norris,1.0,4,4,CLASSIFIED
2026-09,ocon,1.0,13,13,CLASSIFIED
2026-09,perez,1.0,14,14,CLASSIFIED
2026-09,piastri,1.0,11,11,CLASSIFIED
2026-09,russell,1.0,2,2,CLASSIFIED
2026-09,sainz,1.0,17,17,CLASSIFIED
2026-09,stroll,1.0,19,19,CLASSIFIED
2026-10,albon,1.0,15,15,CLASSIFIED
2026-10,alonso,1.0,19,19,CLASSIFIED
2026-10,antonelli,1.0,1,1,CLASSIFIED
2026-10,arvid_lindblad,1.0,9,9,CLASSIFIED
2026-10,bearman,1.0,14,14,CLASSIFIED
2026-10,bortoleto,1.0,8,8,CLASSIFIED
2026-10,bottas,1.0,18,18,CLASSIFIED
2026-10,colapinto,1.0,10,10,CLASSIFIED
2026-10,gasly,1.0,11,11,CLASSIFIED
2026-10,hadjar,1.0,6,6,CLASSIFIED
2026-10,hamilton,1.0,4,4,CLASSIFIED
2026-10,hulkenberg,1.0,13,13,CLASSIFIED
2026-10,lawson,1.0,12,12,CLASSIFIED
2026-10,leclerc,1.0,2,2,CLASSIFIED
2026-10,max_verstappen,1.0,3,3,CLASSIFIED
2026-10,norris,1.0,7,7,CLASSIFIED
2026-10,ocon,1.0,17,17,CLASSIFIED
2026-10,perez,1.0,21,21,DNF
2026-10,piastri,1.0,5,5,CLASSIFIED
2026-10,russell,1.0,22,22,DNF
2026-10,sainz,1.0,16,16,CLASSIFIED
2026-10,stroll,1.0,20,20,DNF
2026-11,albon,1.0,17,17,CLASSIFIED
2026-11,alonso,1.0,14,14,CLASSIFIED
2026-11,antonelli,1.0,3,3,CLASSIFIED
2026-11,arvid_lindblad,1.0,10,10,CLASSIFIED
2026-11,bearman,1.0,19,19,CLASSIFIED
2026-11,bortoleto,1.0,11,11,CLASSIFIED
2026-11,bottas,1.0,22,22,DNF
2026-11,colapinto,1.0,15,15,CLASSIFIED
2026-11,gasly,1.0,12,12,CLASSIFIED
2026-11,hadjar,1.0,6,6,CLASSIFIED
2026-11,hamilton,1.0,5,5,CLASSIFIED
2026-11,hulkenberg,1.0,9,9,CLASSIFIED
2026-11,lawson,1.0,8,8,CLASSIFIED
2026-11,leclerc,1.0,4,4,CLASSIFIED
2026-11,max_verstappen,1.0,2,2,CLASSIFIED
2026-11,norris,1.0,1,1,CLASSIFIED
2026-11,ocon,1.0,16,16,CLASSIFIED
2026-11,perez,1.0,21,21,DNF
2026-11,piastri,1.0,20,20,DNF
2026-11,russell,1.0,7,7,CLASSIFIED
2026-11,sainz,1.0,18,18,CLASSIFIED
2026-11,stroll,1.0,13,13,CLASSIFIED
