baseline,race_id,season,round,race_date,field_size,spearman_correlation,mean_absolute_position_error,kendall_correlation,winner_accuracy,top_three_overlap
constructor_teammate_recent_10,2026-01,2026,1,2026-03-08,22,0.2761151891586674,5.818181818181818,0.19480519480519481,0.0,0.0
constructor_teammate_recent_5,2026-01,2026,1,2026-03-08,22,0.3303218520609825,5.7272727272727275,0.22077922077922077,0.0,0.0
constructor_teammate_season_weighted,2026-01,2026,1,2026-03-08,22,0.22868435911914176,6.545454545454546,0.06493506493506493,0.0,0.0
constructor_teammate_unweighted,2026-01,2026,1,2026-03-08,22,0.19480519480519476,6.636363636363637,0.047619047619047616,0.0,0.3333333333333333
driver_form_recent_10,2026-01,2026,1,2026-03-08,22,0.4206662902315076,5.454545454545454,0.2727272727272727,0.0,0.0
driver_form_recent_5,2026-01,2026,1,2026-03-08,22,0.48842461885940147,5.0,0.3333333333333333,0.0,0.0
driver_form_season_weighted,2026-01,2026,1,2026-03-08,22,0.4105025409373235,5.7272727272727275,0.26406926406926406,0.0,0.0
driver_form_unweighted,2026-01,2026,1,2026-03-08,22,0.49858836815358554,5.181818181818182,0.3333333333333333,0.0,0.3333333333333333
previous_race_order,2026-01,2026,1,2026-03-08,22,0.28176171654432525,6.090909090909091,0.18614718614718614,0.0,0.0
constructor_teammate_recent_10,2026-02,2026,2,2026-03-15,22,0.08865047995482778,6.545454545454546,0.10822510822510822,0.0,0.0
constructor_teammate_recent_5,2026-02,2026,2,2026-03-15,22,0.10784867306606438,6.454545454545454,0.11688311688311688,0.0,0.3333333333333333
constructor_teammate_season_weighted,2026-02,2026,2,2026-03-15,22,-0.0039525691699604515,7.454545454545454,0.030303030303030304,0.0,0.0
constructor_teammate_unweighted,2026-02,2026,2,2026-03-15,22,0.09429700734048563,7.545454545454546,0.0735930735930736,0.0,0.0
driver_form_recent_10,2026-02,2026,2,2026-03-15,22,0.1349520045172219,6.7272727272727275,0.09956709956709957,0.0,0.3333333333333333
driver_form_recent_5,2026-02,2026,2,2026-03-15,22,0.14963297571993228,6.454545454545454,0.12554112554112554,0.0,0.3333333333333333
driver_form_season_weighted,2026-02,2026,2,2026-03-15,22,0.09994353472614337,7.0,0.0735930735930736,0.0,0.0
driver_form_unweighted,2026-02,2026,2,2026-03-15,22,0.10784867306606438,7.0,0.0735930735930736,0.0,0.0
previous_race_order,2026-02,2026,2,2026-03-15,22,0.42744212309429697,5.181818181818182,0.3246753246753247,0.0,0.6666666666666666
constructor_teammate_recent_10,2026-03,2026,3,2026-03-29,22,0.6883116883116883,3.909090909090909,0.49783549783549785,0.0,0.3333333333333333
constructor_teammate_recent_5,2026-03,2026,3,2026-03-29,22,0.7086391869000565,4.0,0.5064935064935064,0.0,0.3333333333333333
constructor_teammate_season_weighted,2026-03,2026,3,2026-03-29,22,0.6058723884810842,4.636363636363637,0.42857142857142855,0.0,0.3333333333333333
constructor_teammate_unweighted,2026-03,2026,3,2026-03-29,22,0.6092603049124788,4.7272727272727275,0.4025974025974026,0.0,0.3333333333333333
driver_form_recent_10,2026-03,2026,3,2026-03-29,22,0.5629587803500846,4.7272727272727275,0.35064935064935066,0.0,0.3333333333333333
driver_form_recent_5,2026-03,2026,3,2026-03-29,22,0.6612083568605307,4.0,0.43722943722943725,0.0,0.0
driver_form_season_weighted,2026-03,2026,3,2026-03-29,22,0.5753811405985318,5.0,0.3593073593073593,0.0,0.3333333333333333
driver_form_unweighted,2026-03,2026,3,2026-03-29,22,0.5448898927159797,5.181818181818182,0.3593073593073593,0.0,0.3333333333333333
previous_race_order,2026-03,2026,3,2026-03-29,22,0.3721061547148503,5.0,0.31601731601731603,1.0,0.3333333333333333
constructor_teammate_recent_10,2026-04,2026,4,2026-05-03,22,0.6578204404291361,3.6363636363636362,0.5151515151515151,0.0,0.6666666666666666
constructor_teammate_recent_5,2026-04,2026,4,2026-05-03,22,0.629587803500847,3.909090909090909,0.4805194805194805,0.0,0.6666666666666666
constructor_teammate_season_weighted,2026-04,2026,4,2026-05-03,22,0.5652173913043479,4.454545454545454,0.3939393939393939,0.0,0.6666666666666666
constructor_teammate_unweighted,2026-04,2026,4,2026-05-03,22,0.3946922642574816,5.7272727272727275,0.23809523809523808,0.0,0.0
driver_form_recent_10,2026-04,2026,4,2026-05-03,22,0.6860530773574252,3.8181818181818183,0.49783549783549785,0.0,0.6666666666666666
driver_form_recent_5,2026-04,2026,4,2026-05-03,22,0.663466967814794,3.8181818181818183,0.49783549783549785,0.0,0.6666666666666666
driver_form_season_weighted,2026-04,2026,4,2026-05-03,22,0.647656691134952,4.090909090909091,0.43722943722943725,0.0,0.3333333333333333
driver_form_unweighted,2026-04,2026,4,2026-05-03,22,0.6284584980237153,4.090909090909091,0.41125541125541126,0.0,0.3333333333333333
previous_race_order,2026-04,2026,4,2026-05-03,22,0.49181253529079616,4.7272727272727275,0.3333333333333333,1.0,0.6666666666666666
constructor_teammate_recent_10,2026-05,2026,5,2026-05-24,22,0.3416149068322981,5.818181818181818,0.29004329004329005,0.0,0.0
constructor_teammate_recent_5,2026-05,2026,5,2026-05-24,22,0.4206662902315076,5.363636363636363,0.3246753246753247,0.0,0.0
constructor_teammate_season_weighted,2026-05,2026,5,2026-05-24,22,0.23997741389045735,6.363636363636363,0.1774891774891775,0.0,0.3333333333333333
constructor_teammate_unweighted,2026-05,2026,5,2026-05-24,22,0.35064935064935066,6.181818181818182,0.2554112554112554,0.0,0.3333333333333333
driver_form_recent_10,2026-05,2026,5,2026-05-24,22,0.25578769057029926,6.090909090909091,0.18614718614718614,0.0,0.3333333333333333
driver_form_recent_5,2026-05,2026,5,2026-05-24,22,0.2535290796160361,6.363636363636363,0.18614718614718614,0.0,0.0
driver_form_season_weighted,2026-05,2026,5,2026-05-24,22,0.17899491812535295,6.909090909090909,0.14285714285714285,0.0,0.3333333333333333
driver_form_unweighted,2026-05,2026,5,2026-05-24,22,0.16431394692264256,7.0,0.11688311688311688,0.0,0.3333333333333333
previous_race_order,2026-05,2026,5,2026-05-24,22,0.16431394692264256,6.0,0.11688311688311688,1.0,0.3333333333333333
constructor_teammate_recent_10,2026-06,2026,6,2026-06-07,22,0.15527950310559002,6.818181818181818,0.10822510822510822,0.0,0.3333333333333333
constructor_teammate_recent_5,2026-06,2026,6,2026-06-07,22,0.29305477131564084,6.0,0.23809523809523808,0.0,0.6666666666666666
constructor_teammate_season_weighted,2026-06,2026,6,2026-06-07,22,0.05251270468661773,6.7272727272727275,0.021645021645021644,0.0,0.0
constructor_teammate_unweighted,2026-06,2026,6,2026-06-07,22,0.12252964426877466,6.454545454545454,0.09956709956709957,0.0,0.0
driver_form_recent_10,2026-06,2026,6,2026-06-07,22,0.0513833992094862,6.909090909090909,0.06493506493506493,0.0,0.3333333333333333
driver_form_recent_5,2026-06,2026,6,2026-06-07,22,0.1462450592885376,6.818181818181818,0.09090909090909091,1.0,0.3333333333333333
driver_form_season_weighted,2026-06,2026,6,2026-06-07,22,-0.04121964991530214,7.545454545454546,-0.021645021645021644,0.0,0.0
driver_form_unweighted,2026-06,2026,6,2026-06-07,22,-0.035573122529644285,7.545454545454546,-0.004329004329004329,0.0,0.0
previous_race_order,2026-06,2026,6,2026-06-07,22,0.19932241671372108,6.090909090909091,0.10822510822510822,1.0,0.6666666666666666
constructor_teammate_recent_10,2026-07,2026,7,2026-06-14,22,0.5979672501411633,4.2727272727272725,0.45454545454545453,0.0,0.3333333333333333
constructor_teammate_recent_5,2026-07,2026,7,2026-06-14,22,0.6645962732919255,3.6363636363636362,0.5584415584415584,0.0,0.6666666666666666
constructor_teammate_season_weighted,2026-07,2026,7,2026-06-14,22,0.46132128740824396,5.545454545454546,0.30735930735930733,0.0,0.3333333333333333
constructor_teammate_unweighted,2026-07,2026,7,2026-06-14,22,0.44212309429700736,5.636363636363637,0.3246753246753247,0.0,0.0
driver_form_recent_10,2026-07,2026,7,2026-06-14,22,0.5911914172783739,4.2727272727272725,0.42857142857142855,0.0,0.3333333333333333
driver_form_recent_5,2026-07,2026,7,2026-06-14,22,0.637492941840768,4.0,0.5497835497835498,0.0,0.6666666666666666
driver_form_season_weighted,2026-07,2026,7,2026-06-14,22,0.5110107284020328,5.363636363636363,0.35064935064935066,0.0,0.3333333333333333
driver_form_unweighted,2026-07,2026,7,2026-06-14,22,0.5087521174477696,5.181818181818182,0.35064935064935066,0.0,0.3333333333333333
previous_race_order,2026-07,2026,7,2026-06-14,22,0.2987012987012987,5.363636363636363,0.2727272727272727,0.0,0.3333333333333333
constructor_teammate_recent_10,2026-08,2026,8,2026-06-28,22,0.8656126482213439,2.5454545454545454,0.7142857142857143,0.0,0.6666666666666666
constructor_teammate_recent_5,2026-08,2026,8,2026-06-28,22,0.9175607001693958,2.090909090909091,0.7662337662337663,0.0,0.6666666666666666
constructor_teammate_season_weighted,2026-08,2026,8,2026-06-28,22,0.8283455674760023,3.090909090909091,0.6277056277056277,0.0,0.3333333333333333
constructor_teammate_unweighted,2026-08,2026,8,2026-06-28,22,0.7933370976849238,3.3636363636363638,0.5757575757575758,0.0,0.3333333333333333
driver_form_recent_10,2026-08,2026,8,2026-06-28,22,0.8656126482213439,2.5454545454545454,0.696969696969697,0.0,0.6666666666666666
driver_form_recent_5,2026-08,2026,8,2026-06-28,22,0.8848108413325805,2.5454545454545454,0.7142857142857143,0.0,0.3333333333333333
driver_form_season_weighted,2026-08,2026,8,2026-06-28,22,0.6420101637492942,4.181818181818182,0.4458874458874459,0.0,0.3333333333333333
driver_form_unweighted,2026-08,2026,8,2026-06-28,22,0.6160361377752682,4.2727272727272725,0.4025974025974026,0.0,0.3333333333333333
previous_race_order,2026-08,2026,8,2026-06-28,22,0.7029926595143987,3.6363636363636362,0.5584415584415584,0.0,0.3333333333333333
constructor_teammate_recent_10,2026-09,2026,9,2026-07-05,22,0.5302089215132693,4.636363636363637,0.3939393939393939,0.0,0.3333333333333333
constructor_teammate_recent_5,2026-09,2026,9,2026-07-05,22,0.4477696216826652,5.0,0.341991341991342,0.0,0.3333333333333333
constructor_teammate_season_weighted,2026-09,2026,9,2026-07-05,22,0.32128740824393,6.0,0.2554112554112554,0.0,0.0
constructor_teammate_unweighted,2026-09,2026,9,2026-07-05,22,0.31677018633540377,6.181818181818182,0.2554112554112554,0.0,0.3333333333333333
driver_form_recent_10,2026-09,2026,9,2026-07-05,22,0.4963297571993224,5.181818181818182,0.3852813852813853,0.0,0.3333333333333333
driver_form_recent_5,2026-09,2026,9,2026-07-05,22,0.5505364201016375,4.545454545454546,0.4199134199134199,0.0,0.3333333333333333
driver_form_season_weighted,2026-09,2026,9,2026-07-05,22,0.3099943534726144,6.2727272727272725,0.22943722943722944,0.0,0.0
driver_form_unweighted,2026-09,2026,9,2026-07-05,22,0.3066064370412197,6.090909090909091,0.24675324675324675,0.0,0.3333333333333333
previous_race_order,2026-09,2026,9,2026-07-05,22,0.5053642010163749,4.7272727272727275,0.3939393939393939,0.0,0.3333333333333333
constructor_teammate_recent_10,2026-10,2026,10,2026-07-19,22,0.6736307171089779,2.909090909090909,0.6017316017316018,0.0,0.0
constructor_teammate_recent_5,2026-10,2026,10,2026-07-19,22,0.7029926595143987,2.727272727272727,0.6277056277056277,0.0,0.3333333333333333
constructor_teammate_season_weighted,2026-10,2026,10,2026-07-19,22,0.6453980801806889,3.6363636363636362,0.49783549783549785,0.0,0.3333333333333333
constructor_teammate_unweighted,2026-10,2026,10,2026-07-19,22,0.6341050254093732,4.0,0.49783549783549785,0.0,0.6666666666666666
driver_form_recent_10,2026-10,2026,10,2026-07-19,22,0.6487859966120836,3.3636363636363638,0.5324675324675324,0.0,0.0
driver_form_recent_5,2026-10,2026,10,2026-07-19,22,0.6871823828345567,3.3636363636363638,0.5584415584415584,0.0,0.0
driver_form_season_weighted,2026-10,2026,10,2026-07-19,22,0.46132128740824396,4.909090909090909,0.29004329004329005,0.0,0.3333333333333333
driver_form_unweighted,2026-10,2026,10,2026-07-19,22,0.4025974025974026,5.0,0.26406926406926406,0.0,0.6666666666666666
previous_race_order,2026-10,2026,10,2026-07-19,22,0.3404856013551666,4.818181818181818,0.29004329004329005,0.0,0.3333333333333333
constructor_teammate_recent_10,2026-11,2026,11,2026-07-26,22,0.7809147374364765,3.090909090909091,0.5757575757575758,0.0,0.3333333333333333
constructor_teammate_recent_5,2026-11,2026,11,2026-07-26,22,0.7267080745341614,3.090909090909091,0.5584415584415584,0.0,0.0
constructor_teammate_season_weighted,2026-11,2026,11,2026-07-26,22,0.7380011293054771,2.909090909090909,0.6103896103896104,1.0,0.6666666666666666
constructor_teammate_unweighted,2026-11,2026,11,2026-07-26,22,0.8102766798418972,2.8181818181818183,0.645021645021645,0.0,0.3333333333333333
driver_form_recent_10,2026-11,2026,11,2026-07-26,22,0.7492941840767928,3.090909090909091,0.5844155844155844,0.0,0.3333333333333333
driver_form_recent_5,2026-11,2026,11,2026-07-26,22,0.7470355731225297,3.090909090909091,0.5757575757575758,0.0,0.3333333333333333
driver_form_season_weighted,2026-11,2026,11,2026-07-26,22,0.5313382269904009,4.636363636363637,0.3939393939393939,0.0,0.6666666666666666
driver_form_unweighted,2026-11,2026,11,2026-07-26,22,0.5189158667419538,4.818181818181818,0.35064935064935066,0.0,0.6666666666666666
previous_race_order,2026-11,2026,11,2026-07-26,22,0.611518915866742,3.909090909090909,0.43722943722943725,0.0,0.6666666666666666
